This is pdfTeX, Version 3.141592653-2.6-1.40.29 (TeX Live 2026) (preloaded format=pdflatex 2026.4.29)  7 JUN 2026 15:39
entering extended mode
 restricted \write18 enabled.
 %&-line parsing enabled.
**beamerthemeUfg.sty
(./beamerthemeUfg.sty
LaTeX2e <2025-11-01>
L3 programming layer <2026-03-20>

LaTeX Warning: You have requested file `',
               but the file provides `beamerthemeUfg'.

Package: beamerthemeUfg 2019/10/15

! LaTeX Error: \usepackage before \documentclass.

See the LaTeX manual or LaTeX Companion for explanation.
Type  H <return>  for immediate help.
 ...                                              
                                                  
l.2 \usepackage[sfdefault]{
                           roboto}
\usepackage may only appear in the document preamble, i.e.,
between \documentclass and \begin{document}.


! LaTeX Error: \usepackage before \documentclass.

See the LaTeX manual or LaTeX Companion for explanation.
Type  H <return>  for immediate help.
 ...                                              
                                                  
l.3 \usepackage{
                tikz}
\usepackage may only appear in the document preamble, i.e.,
between \documentclass and \begin{document}.


! LaTeX Error: \usepackage before \documentclass.

See the LaTeX manual or LaTeX Companion for explanation.
Type  H <return>  for immediate help.
 ...                                              
                                                  
l.4 \usepackage[T1]{
                    fontenc}
\usepackage may only appear in the document preamble, i.e.,
between \documentclass and \begin{document}.


! LaTeX Error: \usepackage before \documentclass.

See the LaTeX manual or LaTeX Companion for explanation.
Type  H <return>  for immediate help.
 ...                                              
                                                  
l.5 \usepackage{
                array}
\usepackage may only appear in the document preamble, i.e.,
between \documentclass and \begin{document}.


! LaTeX Error: \usepackage before \documentclass.

See the LaTeX manual or LaTeX Companion for explanation.
Type  H <return>  for immediate help.
 ...                                              
                                                  
l.6 \usepackage{
                ifthen}
\usepackage may only appear in the document preamble, i.e.,
between \documentclass and \begin{document}.


! LaTeX Error: \usepackage before \documentclass.

See the LaTeX manual or LaTeX Companion for explanation.
Type  H <return>  for immediate help.
 ...                                              
                                                  
l.7 \usepackage{
                colortbl}
\usepackage may only appear in the document preamble, i.e.,
between \documentclass and \begin{document}.


! LaTeX Error: \usepackage before \documentclass.

See the LaTeX manual or LaTeX Companion for explanation.
Type  H <return>  for immediate help.
 ...                                              
                                                  
l.8 \usepackage{
                adjustbox}
\usepackage may only appear in the document preamble, i.e.,
between \documentclass and \begin{document}.

! Undefined control sequence.
l.10 \mode
          <presentation>
The control sequence at the end of the top line
of your error message was never \def'ed. If you have
misspelled it (e.g., `\hobx'), type `I' and the correct
spelling (e.g., `I\hbox'). Otherwise just continue,
and I'll forget about whatever was undefined.


! LaTeX Error: Missing \begin{document}.

See the LaTeX manual or LaTeX Companion for explanation.
Type  H <return>  for immediate help.
 ...                                              
                                                  
l.10 \mode<
           presentation>
You're in trouble here.  Try typing  <return>  to proceed.
If that doesn't work, type  X <return>  to quit.

Missing character: There is no < in font nullfont!
Missing character: There is no p in font nullfont!
Missing character: There is no r in font nullfont!
Missing character: There is no e in font nullfont!
Missing character: There is no s in font nullfont!
Missing character: There is no e in font nullfont!
Missing character: There is no n in font nullfont!
Missing character: There is no t in font nullfont!
Missing character: There is no a in font nullfont!
Missing character: There is no t in font nullfont!
Missing character: There is no i in font nullfont!
Missing character: There is no o in font nullfont!
Missing character: There is no n in font nullfont!
Missing character: There is no > in font nullfont!
! Undefined control sequence.
l.11 \usefonttheme
                  [onlymath]{serif}
The control sequence at the end of the top line
of your error message was never \def'ed. If you have
misspelled it (e.g., `\hobx'), type `I' and the correct
spelling (e.g., `I\hbox'). Otherwise just continue,
and I'll forget about whatever was undefined.

Missing character: There is no [ in font nullfont!
Missing character: There is no o in font nullfont!
Missing character: There is no n in font nullfont!
Missing character: There is no l in font nullfont!
Missing character: There is no y in font nullfont!
Missing character: There is no m in font nullfont!
Missing character: There is no a in font nullfont!
Missing character: There is no t in font nullfont!
Missing character: There is no h in font nullfont!
Missing character: There is no ] in font nullfont!
Missing character: There is no s in font nullfont!
Missing character: There is no e in font nullfont!
Missing character: There is no r in font nullfont!
Missing character: There is no i in font nullfont!
Missing character: There is no f in font nullfont!

Overfull \hbox (20.0pt too wide) in paragraph at lines 10--12
[]
 []

! Undefined control sequence.
l.13 \definecolor
                 {INFBlue}{RGB}{0, 92, 161}
The control sequence at the end of the top line
of your error message was never \def'ed. If you have
misspelled it (e.g., `\hobx'), type `I' and the correct
spelling (e.g., `I\hbox'). Otherwise just continue,
and I'll forget about whatever was undefined.


! LaTeX Error: Missing \begin{document}.

See the LaTeX manual or LaTeX Companion for explanation.
Type  H <return>  for immediate help.
 ...                                              
                                                  
l.13 \definecolor{I
                   NFBlue}{RGB}{0, 92, 161}
You're in trouble here.  Try typing  <return>  to proceed.
If that doesn't work, type  X <return>  to quit.

Missing character: There is no I in font nullfont!
Missing character: There is no N in font nullfont!
Missing character: There is no F in font nullfont!
Missing character: There is no B in font nullfont!
Missing character: There is no l in font nullfont!
Missing character: There is no u in font nullfont!
Missing character: There is no e in font nullfont!
Missing character: There is no R in font nullfont!
Missing character: There is no G in font nullfont!
Missing character: There is no B in font nullfont!
Missing character: There is no 0 in font nullfont!
Missing character: There is no , in font nullfont!
Missing character: There is no 9 in font nullfont!
Missing character: There is no 2 in font nullfont!
Missing character: There is no , in font nullfont!
Missing character: There is no 1 in font nullfont!
Missing character: There is no 6 in font nullfont!
Missing character: There is no 1 in font nullfont!
! Undefined control sequence.
l.14 \definecolor
                 {UFGBlue}{RGB}{0, 114, 185}
The control sequence at the end of the top line
of your error message was never \def'ed. If you have
misspelled it (e.g., `\hobx'), type `I' and the correct
spelling (e.g., `I\hbox'). Otherwise just continue,
and I'll forget about whatever was undefined.

Missing character: There is no U in font nullfont!
Missing character: There is no F in font nullfont!
Missing character: There is no G in font nullfont!
Missing character: There is no B in font nullfont!
Missing character: There is no l in font nullfont!
Missing character: There is no u in font nullfont!
Missing character: There is no e in font nullfont!
Missing character: There is no R in font nullfont!
Missing character: There is no G in font nullfont!
Missing character: There is no B in font nullfont!
Missing character: There is no 0 in font nullfont!
Missing character: There is no , in font nullfont!
Missing character: There is no 1 in font nullfont!
Missing character: There is no 1 in font nullfont!
Missing character: There is no 4 in font nullfont!
Missing character: There is no , in font nullfont!
Missing character: There is no 1 in font nullfont!
Missing character: There is no 8 in font nullfont!
Missing character: There is no 5 in font nullfont!
! Undefined control sequence.
l.15 \definecolor
                 {PrimaryColor}{RGB}{33, 33, 33}
The control sequence at the end of the top line
of your error message was never \def'ed. If you have
misspelled it (e.g., `\hobx'), type `I' and the correct
spelling (e.g., `I\hbox'). Otherwise just continue,
and I'll forget about whatever was undefined.

Missing character: There is no P in font nullfont!
Missing character: There is no r in font nullfont!
Missing character: There is no i in font nullfont!
Missing character: There is no m in font nullfont!
Missing character: There is no a in font nullfont!
Missing character: There is no r in font nullfont!
Missing character: There is no y in font nullfont!
Missing character: There is no C in font nullfont!
Missing character: There is no o in font nullfont!
Missing character: There is no l in font nullfont!
Missing character: There is no o in font nullfont!
Missing character: There is no r in font nullfont!
Missing character: There is no R in font nullfont!
Missing character: There is no G in font nullfont!
Missing character: There is no B in font nullfont!
Missing character: There is no 3 in font nullfont!
Missing character: There is no 3 in font nullfont!
Missing character: There is no , in font nullfont!
Missing character: There is no 3 in font nullfont!
Missing character: There is no 3 in font nullfont!
Missing character: There is no , in font nullfont!
Missing character: There is no 3 in font nullfont!
Missing character: There is no 3 in font nullfont!

Overfull \hbox (20.0pt too wide) in paragraph at lines 13--16
[]
 []

! Undefined control sequence.
l.17 \definecolor
                 {DarkGray}{RGB}{33,33,33}
The control sequence at the end of the top line
of your error message was never \def'ed. If you have
misspelled it (e.g., `\hobx'), type `I' and the correct
spelling (e.g., `I\hbox'). Otherwise just continue,
and I'll forget about whatever was undefined.


! LaTeX Error: Missing \begin{document}.

See the LaTeX manual or LaTeX Companion for explanation.
Type  H <return>  for immediate help.
 ...                                              
                                                  
l.17 \definecolor{D
                   arkGray}{RGB}{33,33,33}
You're in trouble here.  Try typing  <return>  to proceed.
If that doesn't work, type  X <return>  to quit.

Missing character: There is no D in font nullfont!
Missing character: There is no a in font nullfont!
Missing character: There is no r in font nullfont!
Missing character: There is no k in font nullfont!
Missing character: There is no G in font nullfont!
Missing character: There is no r in font nullfont!
Missing character: There is no a in font nullfont!
Missing character: There is no y in font nullfont!
Missing character: There is no R in font nullfont!
Missing character: There is no G in font nullfont!
Missing character: There is no B in font nullfont!
Missing character: There is no 3 in font nullfont!
Missing character: There is no 3 in font nullfont!
Missing character: There is no , in font nullfont!
Missing character: There is no 3 in font nullfont!
Missing character: There is no 3 in font nullfont!
Missing character: There is no , in font nullfont!
Missing character: There is no 3 in font nullfont!
Missing character: There is no 3 in font nullfont!
! Undefined control sequence.
l.18 \definecolor
                 {LightGray}{RGB}{150,150,150}
The control sequence at the end of the top line
of your error message was never \def'ed. If you have
misspelled it (e.g., `\hobx'), type `I' and the correct
spelling (e.g., `I\hbox'). Otherwise just continue,
and I'll forget about whatever was undefined.

Missing character: There is no L in font nullfont!
Missing character: There is no i in font nullfont!
Missing character: There is no g in font nullfont!
Missing character: There is no h in font nullfont!
Missing character: There is no t in font nullfont!
Missing character: There is no G in font nullfont!
Missing character: There is no r in font nullfont!
Missing character: There is no a in font nullfont!
Missing character: There is no y in font nullfont!
Missing character: There is no R in font nullfont!
Missing character: There is no G in font nullfont!
Missing character: There is no B in font nullfont!
Missing character: There is no 1 in font nullfont!
Missing character: There is no 5 in font nullfont!
Missing character: There is no 0 in font nullfont!
Missing character: There is no , in font nullfont!
Missing character: There is no 1 in font nullfont!
Missing character: There is no 5 in font nullfont!
Missing character: There is no 0 in font nullfont!
Missing character: There is no , in font nullfont!
Missing character: There is no 1 in font nullfont!
Missing character: There is no 5 in font nullfont!
Missing character: There is no 0 in font nullfont!
! Undefined control sequence.
l.19 \definecolor
                 {Ocean}{RGB}{129,194,234}
The control sequence at the end of the top line
of your error message was never \def'ed. If you have
misspelled it (e.g., `\hobx'), type `I' and the correct
spelling (e.g., `I\hbox'). Otherwise just continue,
and I'll forget about whatever was undefined.

Missing character: There is no O in font nullfont!
Missing character: There is no c in font nullfont!
Missing character: There is no e in font nullfont!
Missing character: There is no a in font nullfont!
Missing character: There is no n in font nullfont!
Missing character: There is no R in font nullfont!
Missing character: There is no G in font nullfont!
Missing character: There is no B in font nullfont!
Missing character: There is no 1 in font nullfont!
Missing character: There is no 2 in font nullfont!
Missing character: There is no 9 in font nullfont!
Missing character: There is no , in font nullfont!
Missing character: There is no 1 in font nullfont!
Missing character: There is no 9 in font nullfont!
Missing character: There is no 4 in font nullfont!
Missing character: There is no , in font nullfont!
Missing character: There is no 2 in font nullfont!
Missing character: There is no 3 in font nullfont!
Missing character: There is no 4 in font nullfont!
! Undefined control sequence.
l.20 \definecolor
                 {DarkOrange}{RGB}{255, 152, 0}
The control sequence at the end of the top line
of your error message was never \def'ed. If you have
misspelled it (e.g., `\hobx'), type `I' and the correct
spelling (e.g., `I\hbox'). Otherwise just continue,
and I'll forget about whatever was undefined.

Missing character: There is no D in font nullfont!
Missing character: There is no a in font nullfont!
Missing character: There is no r in font nullfont!
Missing character: There is no k in font nullfont!
Missing character: There is no O in font nullfont!
Missing character: There is no r in font nullfont!
Missing character: There is no a in font nullfont!
Missing character: There is no n in font nullfont!
Missing character: There is no g in font nullfont!
Missing character: There is no e in font nullfont!
Missing character: There is no R in font nullfont!
Missing character: There is no G in font nullfont!
Missing character: There is no B in font nullfont!
Missing character: There is no 2 in font nullfont!
Missing character: There is no 5 in font nullfont!
Missing character: There is no 5 in font nullfont!
Missing character: There is no , in font nullfont!
Missing character: There is no 1 in font nullfont!
Missing character: There is no 5 in font nullfont!
Missing character: There is no 2 in font nullfont!
Missing character: There is no , in font nullfont!
Missing character: There is no 0 in font nullfont!
! Undefined control sequence.
l.21 \definecolor
                 {LightOrange}{RGB}{255, 193, 7}
The control sequence at the end of the top line
of your error message was never \def'ed. If you have
misspelled it (e.g., `\hobx'), type `I' and the correct
spelling (e.g., `I\hbox'). Otherwise just continue,
and I'll forget about whatever was undefined.

Missing character: There is no L in font nullfont!
Missing character: There is no i in font nullfont!
Missing character: There is no g in font nullfont!
Missing character: There is no h in font nullfont!
Missing character: There is no t in font nullfont!
Missing character: There is no O in font nullfont!
Missing character: There is no r in font nullfont!
Missing character: There is no a in font nullfont!
Missing character: There is no n in font nullfont!
Missing character: There is no g in font nullfont!
Missing character: There is no e in font nullfont!
Missing character: There is no R in font nullfont!
Missing character: There is no G in font nullfont!
Missing character: There is no B in font nullfont!
Missing character: There is no 2 in font nullfont!
Missing character: There is no 5 in font nullfont!
Missing character: There is no 5 in font nullfont!
Missing character: There is no , in font nullfont!
Missing character: There is no 1 in font nullfont!
Missing character: There is no 9 in font nullfont!
Missing character: There is no 3 in font nullfont!
Missing character: There is no , in font nullfont!
Missing character: There is no 7 in font nullfont!
! Undefined control sequence.
l.22 \definecolor
                 {DarkGreen}{RGB}{91, 141, 8}
The control sequence at the end of the top line
of your error message was never \def'ed. If you have
misspelled it (e.g., `\hobx'), type `I' and the correct
spelling (e.g., `I\hbox'). Otherwise just continue,
and I'll forget about whatever was undefined.

Missing character: There is no D in font nullfont!
Missing character: There is no a in font nullfont!
Missing character: There is no r in font nullfont!
Missing character: There is no k in font nullfont!
Missing character: There is no G in font nullfont!
Missing character: There is no r in font nullfont!
Missing character: There is no e in font nullfont!
Missing character: There is no e in font nullfont!
Missing character: There is no n in font nullfont!
Missing character: There is no R in font nullfont!
Missing character: There is no G in font nullfont!
Missing character: There is no B in font nullfont!
Missing character: There is no 9 in font nullfont!
Missing character: There is no 1 in font nullfont!
Missing character: There is no , in font nullfont!
Missing character: There is no 1 in font nullfont!
Missing character: There is no 4 in font nullfont!
Missing character: There is no 1 in font nullfont!
Missing character: There is no , in font nullfont!
Missing character: There is no 8 in font nullfont!
! Undefined control sequence.
l.23 \definecolor
                 {LightGreen}{RGB}{122, 188, 12}
The control sequence at the end of the top line
of your error message was never \def'ed. If you have
misspelled it (e.g., `\hobx'), type `I' and the correct
spelling (e.g., `I\hbox'). Otherwise just continue,
and I'll forget about whatever was undefined.

Missing character: There is no L in font nullfont!
Missing character: There is no i in font nullfont!
Missing character: There is no g in font nullfont!
Missing character: There is no h in font nullfont!
Missing character: There is no t in font nullfont!
Missing character: There is no G in font nullfont!
Missing character: There is no r in font nullfont!
Missing character: There is no e in font nullfont!
Missing character: There is no e in font nullfont!
Missing character: There is no n in font nullfont!
Missing character: There is no R in font nullfont!
Missing character: There is no G in font nullfont!
Missing character: There is no B in font nullfont!
Missing character: There is no 1 in font nullfont!
Missing character: There is no 2 in font nullfont!
Missing character: There is no 2 in font nullfont!
Missing character: There is no , in font nullfont!
Missing character: There is no 1 in font nullfont!
Missing character: There is no 8 in font nullfont!
Missing character: There is no 8 in font nullfont!
Missing character: There is no , in font nullfont!
Missing character: There is no 1 in font nullfont!
Missing character: There is no 2 in font nullfont!
! Undefined control sequence.
l.24 \definecolor
                 {LightPurple}{RGB}{191, 83, 219}
The control sequence at the end of the top line
of your error message was never \def'ed. If you have
misspelled it (e.g., `\hobx'), type `I' and the correct
spelling (e.g., `I\hbox'). Otherwise just continue,
and I'll forget about whatever was undefined.

Missing character: There is no L in font nullfont!
Missing character: There is no i in font nullfont!
Missing character: There is no g in font nullfont!
Missing character: There is no h in font nullfont!
Missing character: There is no t in font nullfont!
Missing character: There is no P in font nullfont!
Missing character: There is no u in font nullfont!
Missing character: There is no r in font nullfont!
Missing character: There is no p in font nullfont!
Missing character: There is no l in font nullfont!
Missing character: There is no e in font nullfont!
Missing character: There is no R in font nullfont!
Missing character: There is no G in font nullfont!
Missing character: There is no B in font nullfont!
Missing character: There is no 1 in font nullfont!
Missing character: There is no 9 in font nullfont!
Missing character: There is no 1 in font nullfont!
Missing character: There is no , in font nullfont!
Missing character: There is no 8 in font nullfont!
Missing character: There is no 3 in font nullfont!
Missing character: There is no , in font nullfont!
Missing character: There is no 2 in font nullfont!
Missing character: There is no 1 in font nullfont!
Missing character: There is no 9 in font nullfont!
! Undefined control sequence.
l.25 \definecolor
                 {DarkPurple}{RGB}{142, 36, 170}
The control sequence at the end of the top line
of your error message was never \def'ed. If you have
misspelled it (e.g., `\hobx'), type `I' and the correct
spelling (e.g., `I\hbox'). Otherwise just continue,
and I'll forget about whatever was undefined.

Missing character: There is no D in font nullfont!
Missing character: There is no a in font nullfont!
Missing character: There is no r in font nullfont!
Missing character: There is no k in font nullfont!
Missing character: There is no P in font nullfont!
Missing character: There is no u in font nullfont!
Missing character: There is no r in font nullfont!
Missing character: There is no p in font nullfont!
Missing character: There is no l in font nullfont!
Missing character: There is no e in font nullfont!
Missing character: There is no R in font nullfont!
Missing character: There is no G in font nullfont!
Missing character: There is no B in font nullfont!
Missing character: There is no 1 in font nullfont!
Missing character: There is no 4 in font nullfont!
Missing character: There is no 2 in font nullfont!
Missing character: There is no , in font nullfont!
Missing character: There is no 3 in font nullfont!
Missing character: There is no 6 in font nullfont!
Missing character: There is no , in font nullfont!
Missing character: There is no 1 in font nullfont!
Missing character: There is no 7 in font nullfont!
Missing character: There is no 0 in font nullfont!
! Undefined control sequence.
l.26 \definecolor
                 {VeryLightGray}{RGB}{249, 249, 249}
The control sequence at the end of the top line
of your error message was never \def'ed. If you have
misspelled it (e.g., `\hobx'), type `I' and the correct
spelling (e.g., `I\hbox'). Otherwise just continue,
and I'll forget about whatever was undefined.

Missing character: There is no V in font nullfont!
Missing character: There is no e in font nullfont!
Missing character: There is no r in font nullfont!
Missing character: There is no y in font nullfont!
Missing character: There is no L in font nullfont!
Missing character: There is no i in font nullfont!
Missing character: There is no g in font nullfont!
Missing character: There is no h in font nullfont!
Missing character: There is no t in font nullfont!
Missing character: There is no G in font nullfont!
Missing character: There is no r in font nullfont!
Missing character: There is no a in font nullfont!
Missing character: There is no y in font nullfont!
Missing character: There is no R in font nullfont!
Missing character: There is no G in font nullfont!
Missing character: There is no B in font nullfont!
Missing character: There is no 2 in font nullfont!
Missing character: There is no 4 in font nullfont!
Missing character: There is no 9 in font nullfont!
Missing character: There is no , in font nullfont!
Missing character: There is no 2 in font nullfont!
Missing character: There is no 4 in font nullfont!
Missing character: There is no 9 in font nullfont!
Missing character: There is no , in font nullfont!
Missing character: There is no 2 in font nullfont!
Missing character: There is no 4 in font nullfont!
Missing character: There is no 9 in font nullfont!

Overfull \hbox (20.0pt too wide) in paragraph at lines 17--27
[]
 []

! Undefined control sequence.
\setDefaultConfig -> \color 
                            {DarkGray} \setbeamercolor {bgcolor}{fg=PrimaryC...
l.81 \setDefaultConfig
                      
The control sequence at the end of the top line
of your error message was never \def'ed. If you have
misspelled it (e.g., `\hobx'), type `I' and the correct
spelling (e.g., `I\hbox'). Otherwise just continue,
and I'll forget about whatever was undefined.


! LaTeX Error: Missing \begin{document}.

See the LaTeX manual or LaTeX Companion for explanation.
Type  H <return>  for immediate help.
 ...                                              
                                                  
l.81 \setDefaultConfig
                      
You're in trouble here.  Try typing  <return>  to proceed.
If that doesn't work, type  X <return>  to quit.

Missing character: There is no D in font nullfont!
Missing character: There is no a in font nullfont!
Missing character: There is no r in font nullfont!
Missing character: There is no k in font nullfont!
Missing character: There is no G in font nullfont!
Missing character: There is no r in font nullfont!
Missing character: There is no a in font nullfont!
Missing character: There is no y in font nullfont!
! Undefined control sequence.
\setDefaultConfig ...r {DarkGray} \setbeamercolor 
                                                  {bgcolor}{fg=PrimaryColor}...
l.81 \setDefaultConfig
                      
The control sequence at the end of the top line
of your error message was never \def'ed. If you have
misspelled it (e.g., `\hobx'), type `I' and the correct
spelling (e.g., `I\hbox'). Otherwise just continue,
and I'll forget about whatever was undefined.

Missing character: There is no b in font nullfont!
Missing character: There is no g in font nullfont!
Missing character: There is no c in font nullfont!
Missing character: There is no o in font nullfont!
Missing character: There is no l in font nullfont!
Missing character: There is no o in font nullfont!
Missing character: There is no r in font nullfont!
Missing character: There is no f in font nullfont!
Missing character: There is no g in font nullfont!
Missing character: There is no = in font nullfont!
Missing character: There is no P in font nullfont!
Missing character: There is no r in font nullfont!
Missing character: There is no i in font nullfont!
Missing character: There is no m in font nullfont!
Missing character: There is no a in font nullfont!
Missing character: There is no r in font nullfont!
Missing character: There is no y in font nullfont!
Missing character: There is no C in font nullfont!
Missing character: There is no o in font nullfont!
Missing character: There is no l in font nullfont!
Missing character: There is no o in font nullfont!
Missing character: There is no r in font nullfont!
! Undefined control sequence.
\setDefaultConfig ...rimaryColor} \setbeamercolor 
                                                  {normal}{fg=DarkGray} \set...
l.81 \setDefaultConfig
                      
The control sequence at the end of the top line
of your error message was never \def'ed. If you have
misspelled it (e.g., `\hobx'), type `I' and the correct
spelling (e.g., `I\hbox'). Otherwise just continue,
and I'll forget about whatever was undefined.

Missing character: There is no n in font nullfont!
Missing character: There is no o in font nullfont!
Missing character: There is no r in font nullfont!
Missing character: There is no m in font nullfont!
Missing character: There is no a in font nullfont!
Missing character: There is no l in font nullfont!
Missing character: There is no f in font nullfont!
Missing character: There is no g in font nullfont!
Missing character: There is no = in font nullfont!
Missing character: There is no D in font nullfont!
Missing character: There is no a in font nullfont!
Missing character: There is no r in font nullfont!
Missing character: There is no k in font nullfont!
Missing character: There is no G in font nullfont!
Missing character: There is no r in font nullfont!
Missing character: There is no a in font nullfont!
Missing character: There is no y in font nullfont!
! Undefined control sequence.
\setDefaultConfig ...fg=DarkGray} \setbeamercolor 
                                                  {title}{fg=DarkGray} \setb...
l.81 \setDefaultConfig
                      
The control sequence at the end of the top line
of your error message was never \def'ed. If you have
misspelled it (e.g., `\hobx'), type `I' and the correct
spelling (e.g., `I\hbox'). Otherwise just continue,
and I'll forget about whatever was undefined.

Missing character: There is no t in font nullfont!
Missing character: There is no i in font nullfont!
Missing character: There is no t in font nullfont!
Missing character: There is no l in font nullfont!
Missing character: There is no e in font nullfont!
Missing character: There is no f in font nullfont!
Missing character: There is no g in font nullfont!
Missing character: There is no = in font nullfont!
Missing character: There is no D in font nullfont!
Missing character: There is no a in font nullfont!
Missing character: There is no r in font nullfont!
Missing character: There is no k in font nullfont!
Missing character: There is no G in font nullfont!
Missing character: There is no r in font nullfont!
Missing character: There is no a in font nullfont!
Missing character: There is no y in font nullfont!
! Undefined control sequence.
\setDefaultConfig ...fg=DarkGray} \setbeamercolor 
                                                  {frametitle}{fg=DarkGray} ...
l.81 \setDefaultConfig
                      
The control sequence at the end of the top line
of your error message was never \def'ed. If you have
misspelled it (e.g., `\hobx'), type `I' and the correct
spelling (e.g., `I\hbox'). Otherwise just continue,
and I'll forget about whatever was undefined.

Missing character: There is no f in font nullfont!
Missing character: There is no r in font nullfont!
Missing character: There is no a in font nullfont!
Missing character: There is no m in font nullfont!
Missing character: There is no e in font nullfont!
Missing character: There is no t in font nullfont!
Missing character: There is no i in font nullfont!
Missing character: There is no t in font nullfont!
Missing character: There is no l in font nullfont!
Missing character: There is no e in font nullfont!
Missing character: There is no f in font nullfont!
Missing character: There is no g in font nullfont!
Missing character: There is no = in font nullfont!
Missing character: There is no D in font nullfont!
Missing character: There is no a in font nullfont!
Missing character: There is no r in font nullfont!
Missing character: There is no k in font nullfont!
Missing character: There is no G in font nullfont!
Missing character: There is no r in font nullfont!
Missing character: There is no a in font nullfont!
Missing character: There is no y in font nullfont!
! Undefined control sequence.
\setDefaultConfig ...fg=DarkGray} \setbeamercolor 
                                                  {structure}{fg=PrimaryColo...
l.81 \setDefaultConfig
                      
The control sequence at the end of the top line
of your error message was never \def'ed. If you have
misspelled it (e.g., `\hobx'), type `I' and the correct
spelling (e.g., `I\hbox'). Otherwise just continue,
and I'll forget about whatever was undefined.

Missing character: There is no s in font nullfont!
Missing character: There is no t in font nullfont!
Missing character: There is no r in font nullfont!
Missing character: There is no u in font nullfont!
Missing character: There is no c in font nullfont!
Missing character: There is no t in font nullfont!
Missing character: There is no u in font nullfont!
Missing character: There is no r in font nullfont!
Missing character: There is no e in font nullfont!
Missing character: There is no f in font nullfont!
Missing character: There is no g in font nullfont!
Missing character: There is no = in font nullfont!
Missing character: There is no P in font nullfont!
Missing character: There is no r in font nullfont!
Missing character: There is no i in font nullfont!
Missing character: There is no m in font nullfont!
Missing character: There is no a in font nullfont!
Missing character: There is no r in font nullfont!
Missing character: There is no y in font nullfont!
Missing character: There is no C in font nullfont!
Missing character: There is no o in font nullfont!
Missing character: There is no l in font nullfont!
Missing character: There is no o in font nullfont!
Missing character: There is no r in font nullfont!
! Undefined control sequence.
\setDefaultConfig ...rimaryColor} \setbeamercolor 
                                                  {normal text}{fg=DarkGray,...
l.81 \setDefaultConfig
                      
The control sequence at the end of the top line
of your error message was never \def'ed. If you have
misspelled it (e.g., `\hobx'), type `I' and the correct
spelling (e.g., `I\hbox'). Otherwise just continue,
and I'll forget about whatever was undefined.

Missing character: There is no n in font nullfont!
Missing character: There is no o in font nullfont!
Missing character: There is no r in font nullfont!
Missing character: There is no m in font nullfont!
Missing character: There is no a in font nullfont!
Missing character: There is no l in font nullfont!
Missing character: There is no t in font nullfont!
Missing character: There is no e in font nullfont!
Missing character: There is no x in font nullfont!
Missing character: There is no t in font nullfont!
Missing character: There is no f in font nullfont!
Missing character: There is no g in font nullfont!
Missing character: There is no = in font nullfont!
Missing character: There is no D in font nullfont!
Missing character: There is no a in font nullfont!
Missing character: There is no r in font nullfont!
Missing character: There is no k in font nullfont!
Missing character: There is no G in font nullfont!
Missing character: There is no r in font nullfont!
Missing character: There is no a in font nullfont!
Missing character: There is no y in font nullfont!
Missing character: There is no , in font nullfont!
Missing character: There is no b in font nullfont!
Missing character: There is no g in font nullfont!
Missing character: There is no = in font nullfont!
Missing character: There is no w in font nullfont!
Missing character: There is no h in font nullfont!
Missing character: There is no i in font nullfont!
Missing character: There is no t in font nullfont!
Missing character: There is no e in font nullfont!
! Undefined control sequence.
\setDefaultConfig ...ay,bg=white} \setbeamercolor 
                                                  {section number projected}...
l.81 \setDefaultConfig
                      
The control sequence at the end of the top line
of your error message was never \def'ed. If you have
misspelled it (e.g., `\hobx'), type `I' and the correct
spelling (e.g., `I\hbox'). Otherwise just continue,
and I'll forget about whatever was undefined.

Missing character: There is no s in font nullfont!
Missing character: There is no e in font nullfont!
Missing character: There is no c in font nullfont!
Missing character: There is no t in font nullfont!
Missing character: There is no i in font nullfont!
Missing character: There is no o in font nullfont!
Missing character: There is no n in font nullfont!
Missing character: There is no n in font nullfont!
Missing character: There is no u in font nullfont!
Missing character: There is no m in font nullfont!
Missing character: There is no b in font nullfont!
Missing character: There is no e in font nullfont!
Missing character: There is no r in font nullfont!
Missing character: There is no p in font nullfont!
Missing character: There is no r in font nullfont!
Missing character: There is no o in font nullfont!
Missing character: There is no j in font nullfont!
Missing character: There is no e in font nullfont!
Missing character: There is no c in font nullfont!
Missing character: There is no t in font nullfont!
Missing character: There is no e in font nullfont!
Missing character: There is no d in font nullfont!
Missing character: There is no b in font nullfont!
Missing character: There is no g in font nullfont!
Missing character: There is no = in font nullfont!
Missing character: There is no P in font nullfont!
Missing character: There is no r in font nullfont!
Missing character: There is no i in font nullfont!
Missing character: There is no m in font nullfont!
Missing character: There is no a in font nullfont!
Missing character: There is no r in font nullfont!
Missing character: There is no y in font nullfont!
Missing character: There is no C in font nullfont!
Missing character: There is no o in font nullfont!
Missing character: There is no l in font nullfont!
Missing character: There is no o in font nullfont!
Missing character: There is no r in font nullfont!
Missing character: There is no , in font nullfont!
Missing character: There is no f in font nullfont!
Missing character: There is no g in font nullfont!
Missing character: There is no = in font nullfont!
Missing character: There is no w in font nullfont!
Missing character: There is no h in font nullfont!
Missing character: There is no i in font nullfont!
Missing character: There is no t in font nullfont!
Missing character: There is no e in font nullfont!
! Undefined control sequence.
\setDefaultConfig ...or,fg=white} \setbeamercolor 
                                                  {itemize item}{fg=DarkGray...
l.81 \setDefaultConfig
                      
The control sequence at the end of the top line
of your error message was never \def'ed. If you have
misspelled it (e.g., `\hobx'), type `I' and the correct
spelling (e.g., `I\hbox'). Otherwise just continue,
and I'll forget about whatever was undefined.

Missing character: There is no i in font nullfont!
Missing character: There is no t in font nullfont!
Missing character: There is no e in font nullfont!
Missing character: There is no m in font nullfont!
Missing character: There is no i in font nullfont!
Missing character: There is no z in font nullfont!
Missing character: There is no e in font nullfont!
Missing character: There is no i in font nullfont!
Missing character: There is no t in font nullfont!
Missing character: There is no e in font nullfont!
Missing character: There is no m in font nullfont!
Missing character: There is no f in font nullfont!
Missing character: There is no g in font nullfont!
Missing character: There is no = in font nullfont!
Missing character: There is no D in font nullfont!
Missing character: There is no a in font nullfont!
Missing character: There is no r in font nullfont!
Missing character: There is no k in font nullfont!
Missing character: There is no G in font nullfont!
Missing character: There is no r in font nullfont!
Missing character: There is no a in font nullfont!
Missing character: There is no y in font nullfont!
! Undefined control sequence.
\setDefaultConfig ...fg=DarkGray} \setbeamercolor 
                                                  {itemize subitem}{fg=DarkG...
l.81 \setDefaultConfig
                      
The control sequence at the end of the top line
of your error message was never \def'ed. If you have
misspelled it (e.g., `\hobx'), type `I' and the correct
spelling (e.g., `I\hbox'). Otherwise just continue,
and I'll forget about whatever was undefined.

Missing character: There is no i in font nullfont!
Missing character: There is no t in font nullfont!
Missing character: There is no e in font nullfont!
Missing character: There is no m in font nullfont!
Missing character: There is no i in font nullfont!
Missing character: There is no z in font nullfont!
Missing character: There is no e in font nullfont!
Missing character: There is no s in font nullfont!
Missing character: There is no u in font nullfont!
Missing character: There is no b in font nullfont!
Missing character: There is no i in font nullfont!
Missing character: There is no t in font nullfont!
Missing character: There is no e in font nullfont!
Missing character: There is no m in font nullfont!
Missing character: There is no f in font nullfont!
Missing character: There is no g in font nullfont!
Missing character: There is no = in font nullfont!
Missing character: There is no D in font nullfont!
Missing character: There is no a in font nullfont!
Missing character: There is no r in font nullfont!
Missing character: There is no k in font nullfont!
Missing character: There is no G in font nullfont!
Missing character: There is no r in font nullfont!
Missing character: There is no a in font nullfont!
Missing character: There is no y in font nullfont!
! Undefined control sequence.
\setDefaultConfig ...fg=DarkGray} \setbeamercolor 
                                                  {itemize subsubitem}{fg=Da...
l.81 \setDefaultConfig
                      
The control sequence at the end of the top line
of your error message was never \def'ed. If you have
misspelled it (e.g., `\hobx'), type `I' and the correct
spelling (e.g., `I\hbox'). Otherwise just continue,
and I'll forget about whatever was undefined.

Missing character: There is no i in font nullfont!
Missing character: There is no t in font nullfont!
Missing character: There is no e in font nullfont!
Missing character: There is no m in font nullfont!
Missing character: There is no i in font nullfont!
Missing character: There is no z in font nullfont!
Missing character: There is no e in font nullfont!
Missing character: There is no s in font nullfont!
Missing character: There is no u in font nullfont!
Missing character: There is no b in font nullfont!
Missing character: There is no s in font nullfont!
Missing character: There is no u in font nullfont!
Missing character: There is no b in font nullfont!
Missing character: There is no i in font nullfont!
Missing character: There is no t in font nullfont!
Missing character: There is no e in font nullfont!
Missing character: There is no m in font nullfont!
Missing character: There is no f in font nullfont!
Missing character: There is no g in font nullfont!
Missing character: There is no = in font nullfont!
Missing character: There is no D in font nullfont!
Missing character: There is no a in font nullfont!
Missing character: There is no r in font nullfont!
Missing character: There is no k in font nullfont!
Missing character: There is no G in font nullfont!
Missing character: There is no r in font nullfont!
Missing character: There is no a in font nullfont!
Missing character: There is no y in font nullfont!
! Undefined control sequence.
\setDefaultConfig ...fg=DarkGray} \setbeamercolor 
                                                  {itemize subbody}{fg=DarkG...
l.81 \setDefaultConfig
                      
The control sequence at the end of the top line
of your error message was never \def'ed. If you have
misspelled it (e.g., `\hobx'), type `I' and the correct
spelling (e.g., `I\hbox'). Otherwise just continue,
and I'll forget about whatever was undefined.

Missing character: There is no i in font nullfont!
Missing character: There is no t in font nullfont!
Missing character: There is no e in font nullfont!
Missing character: There is no m in font nullfont!
Missing character: There is no i in font nullfont!
Missing character: There is no z in font nullfont!
Missing character: There is no e in font nullfont!
Missing character: There is no s in font nullfont!
Missing character: There is no u in font nullfont!
Missing character: There is no b in font nullfont!
Missing character: There is no b in font nullfont!
Missing character: There is no o in font nullfont!
Missing character: There is no d in font nullfont!
Missing character: There is no y in font nullfont!
Missing character: There is no f in font nullfont!
Missing character: There is no g in font nullfont!
Missing character: There is no = in font nullfont!
Missing character: There is no D in font nullfont!
Missing character: There is no a in font nullfont!
Missing character: There is no r in font nullfont!
Missing character: There is no k in font nullfont!
Missing character: There is no G in font nullfont!
Missing character: There is no r in font nullfont!
Missing character: There is no a in font nullfont!
Missing character: There is no y in font nullfont!
! Undefined control sequence.
\setDefaultConfig ...fg=DarkGray} \setbeamercolor 
                                                  {itemize/enumerate body}{f...
l.81 \setDefaultConfig
                      
The control sequence at the end of the top line
of your error message was never \def'ed. If you have
misspelled it (e.g., `\hobx'), type `I' and the correct
spelling (e.g., `I\hbox'). Otherwise just continue,
and I'll forget about whatever was undefined.

Missing character: There is no i in font nullfont!
Missing character: There is no t in font nullfont!
Missing character: There is no e in font nullfont!
Missing character: There is no m in font nullfont!
Missing character: There is no i in font nullfont!
Missing character: There is no z in font nullfont!
Missing character: There is no e in font nullfont!
Missing character: There is no / in font nullfont!
Missing character: There is no e in font nullfont!
Missing character: There is no n in font nullfont!
Missing character: There is no u in font nullfont!
Missing character: There is no m in font nullfont!
Missing character: There is no e in font nullfont!
Missing character: There is no r in font nullfont!
Missing character: There is no a in font nullfont!
Missing character: There is no t in font nullfont!
Missing character: There is no e in font nullfont!
Missing character: There is no b in font nullfont!
Missing character: There is no o in font nullfont!
Missing character: There is no d in font nullfont!
Missing character: There is no y in font nullfont!
Missing character: There is no f in font nullfont!
Missing character: There is no g in font nullfont!
Missing character: There is no = in font nullfont!
Missing character: There is no D in font nullfont!
Missing character: There is no a in font nullfont!
Missing character: There is no r in font nullfont!
Missing character: There is no k in font nullfont!
Missing character: There is no G in font nullfont!
Missing character: There is no r in font nullfont!
Missing character: There is no a in font nullfont!
Missing character: There is no y in font nullfont!
! Undefined control sequence.
\setDefaultConfig ...fg=DarkGray} \setbeamercolor 
                                                  {itemize/enumerate subbody...
l.81 \setDefaultConfig
                      
The control sequence at the end of the top line
of your error message was never \def'ed. If you have
misspelled it (e.g., `\hobx'), type `I' and the correct
spelling (e.g., `I\hbox'). Otherwise just continue,
and I'll forget about whatever was undefined.

Missing character: There is no i in font nullfont!
Missing character: There is no t in font nullfont!
Missing character: There is no e in font nullfont!
Missing character: There is no m in font nullfont!
Missing character: There is no i in font nullfont!
Missing character: There is no z in font nullfont!
Missing character: There is no e in font nullfont!
Missing character: There is no / in font nullfont!
Missing character: There is no e in font nullfont!
Missing character: There is no n in font nullfont!
Missing character: There is no u in font nullfont!
Missing character: There is no m in font nullfont!
Missing character: There is no e in font nullfont!
Missing character: There is no r in font nullfont!
Missing character: There is no a in font nullfont!
Missing character: There is no t in font nullfont!
Missing character: There is no e in font nullfont!
Missing character: There is no s in font nullfont!
Missing character: There is no u in font nullfont!
Missing character: There is no b in font nullfont!
Missing character: There is no b in font nullfont!
Missing character: There is no o in font nullfont!
Missing character: There is no d in font nullfont!
Missing character: There is no y in font nullfont!
Missing character: There is no f in font nullfont!
Missing character: There is no g in font nullfont!
Missing character: There is no = in font nullfont!
Missing character: There is no D in font nullfont!
Missing character: There is no a in font nullfont!
Missing character: There is no r in font nullfont!
Missing character: There is no k in font nullfont!
Missing character: There is no G in font nullfont!
Missing character: There is no r in font nullfont!
Missing character: There is no a in font nullfont!
Missing character: There is no y in font nullfont!
! Undefined control sequence.
\setDefaultConfig ...fg=DarkGray} \setbeamercolor 
                                                  {itemize/enumerate subsubb...
l.81 \setDefaultConfig
                      
The control sequence at the end of the top line
of your error message was never \def'ed. If you have
misspelled it (e.g., `\hobx'), type `I' and the correct
spelling (e.g., `I\hbox'). Otherwise just continue,
and I'll forget about whatever was undefined.

Missing character: There is no i in font nullfont!
Missing character: There is no t in font nullfont!
Missing character: There is no e in font nullfont!
Missing character: There is no m in font nullfont!
Missing character: There is no i in font nullfont!
Missing character: There is no z in font nullfont!
Missing character: There is no e in font nullfont!
Missing character: There is no / in font nullfont!
Missing character: There is no e in font nullfont!
Missing character: There is no n in font nullfont!
Missing character: There is no u in font nullfont!
Missing character: There is no m in font nullfont!
Missing character: There is no e in font nullfont!
Missing character: There is no r in font nullfont!
Missing character: There is no a in font nullfont!
Missing character: There is no t in font nullfont!
Missing character: There is no e in font nullfont!
Missing character: There is no s in font nullfont!
Missing character: There is no u in font nullfont!
Missing character: There is no b in font nullfont!
Missing character: There is no s in font nullfont!
Missing character: There is no u in font nullfont!
Missing character: There is no b in font nullfont!
Missing character: There is no b in font nullfont!
Missing character: There is no o in font nullfont!
Missing character: There is no d in font nullfont!
Missing character: There is no y in font nullfont!
Missing character: There is no f in font nullfont!
Missing character: There is no g in font nullfont!
Missing character: There is no = in font nullfont!
Missing character: There is no D in font nullfont!
Missing character: There is no a in font nullfont!
Missing character: There is no r in font nullfont!
Missing character: There is no k in font nullfont!
Missing character: There is no G in font nullfont!
Missing character: There is no r in font nullfont!
Missing character: There is no a in font nullfont!
Missing character: There is no y in font nullfont!
! Undefined control sequence.
\setDefaultConfig ...fg=DarkGray} \setbeamercolor 
                                                  {alerted text}{fg=DarkOran...
l.81 \setDefaultConfig
                      
The control sequence at the end of the top line
of your error message was never \def'ed. If you have
misspelled it (e.g., `\hobx'), type `I' and the correct
spelling (e.g., `I\hbox'). Otherwise just continue,
and I'll forget about whatever was undefined.

Missing character: There is no a in font nullfont!
Missing character: There is no l in font nullfont!
Missing character: There is no e in font nullfont!
Missing character: There is no r in font nullfont!
Missing character: There is no t in font nullfont!
Missing character: There is no e in font nullfont!
Missing character: There is no d in font nullfont!
Missing character: There is no t in font nullfont!
Missing character: There is no e in font nullfont!
Missing character: There is no x in font nullfont!
Missing character: There is no t in font nullfont!
Missing character: There is no f in font nullfont!
Missing character: There is no g in font nullfont!
Missing character: There is no = in font nullfont!
Missing character: There is no D in font nullfont!
Missing character: There is no a in font nullfont!
Missing character: There is no r in font nullfont!
Missing character: There is no k in font nullfont!
Missing character: There is no O in font nullfont!
Missing character: There is no r in font nullfont!
Missing character: There is no a in font nullfont!
Missing character: There is no n in font nullfont!
Missing character: There is no g in font nullfont!
Missing character: There is no e in font nullfont!
! Undefined control sequence.
\setDefaultConfig ...=DarkOrange} \setbeamercolor 
                                                  {example text}{fg=DarkGree...
l.81 \setDefaultConfig
                      
The control sequence at the end of the top line
of your error message was never \def'ed. If you have
misspelled it (e.g., `\hobx'), type `I' and the correct
spelling (e.g., `I\hbox'). Otherwise just continue,
and I'll forget about whatever was undefined.

Missing character: There is no e in font nullfont!
Missing character: There is no x in font nullfont!
Missing character: There is no a in font nullfont!
Missing character: There is no m in font nullfont!
Missing character: There is no p in font nullfont!
Missing character: There is no l in font nullfont!
Missing character: There is no e in font nullfont!
Missing character: There is no t in font nullfont!
Missing character: There is no e in font nullfont!
Missing character: There is no x in font nullfont!
Missing character: There is no t in font nullfont!
Missing character: There is no f in font nullfont!
Missing character: There is no g in font nullfont!
Missing character: There is no = in font nullfont!
Missing character: There is no D in font nullfont!
Missing character: There is no a in font nullfont!
Missing character: There is no r in font nullfont!
Missing character: There is no k in font nullfont!
Missing character: There is no G in font nullfont!
Missing character: There is no r in font nullfont!
Missing character: There is no e in font nullfont!
Missing character: There is no e in font nullfont!
Missing character: There is no n in font nullfont!
! Undefined control sequence.
\setDefaultConfig ...g=DarkGreen} \setbeamercolor 
                                                  {block title}{fg=PrimaryCo...
l.81 \setDefaultConfig
                      
The control sequence at the end of the top line
of your error message was never \def'ed. If you have
misspelled it (e.g., `\hobx'), type `I' and the correct
spelling (e.g., `I\hbox'). Otherwise just continue,
and I'll forget about whatever was undefined.

Missing character: There is no b in font nullfont!
Missing character: There is no l in font nullfont!
Missing character: There is no o in font nullfont!
Missing character: There is no c in font nullfont!
Missing character: There is no k in font nullfont!
Missing character: There is no t in font nullfont!
Missing character: There is no i in font nullfont!
Missing character: There is no t in font nullfont!
Missing character: There is no l in font nullfont!
Missing character: There is no e in font nullfont!
Missing character: There is no f in font nullfont!
Missing character: There is no g in font nullfont!
Missing character: There is no = in font nullfont!
Missing character: There is no P in font nullfont!
Missing character: There is no r in font nullfont!
Missing character: There is no i in font nullfont!
Missing character: There is no m in font nullfont!
Missing character: There is no a in font nullfont!
Missing character: There is no r in font nullfont!
Missing character: There is no y in font nullfont!
Missing character: There is no C in font nullfont!
Missing character: There is no o in font nullfont!
Missing character: There is no l in font nullfont!
Missing character: There is no o in font nullfont!
Missing character: There is no r in font nullfont!
! Undefined control sequence.
\setDefaultConfig ...aryColor} \setbeamertemplate 
                                                  {frametitle}{ \vbox {}\hsk...
l.81 \setDefaultConfig
                      
The control sequence at the end of the top line
of your error message was never \def'ed. If you have
misspelled it (e.g., `\hobx'), type `I' and the correct
spelling (e.g., `I\hbox'). Otherwise just continue,
and I'll forget about whatever was undefined.

Missing character: There is no f in font nullfont!
Missing character: There is no r in font nullfont!
Missing character: There is no a in font nullfont!
Missing character: There is no m in font nullfont!
Missing character: There is no e in font nullfont!
Missing character: There is no t in font nullfont!
Missing character: There is no i in font nullfont!
Missing character: There is no t in font nullfont!
Missing character: There is no l in font nullfont!
Missing character: There is no e in font nullfont!

Overfull \hbox (20.0pt too wide) in paragraph at lines 81--81
[]
 []


! LaTeX Error: Missing \begin{document}.

See the LaTeX manual or LaTeX Companion for explanation.
Type  H <return>  for immediate help.
 ...                                              
                                                  
l.81 \setDefaultConfig
                      
You're in trouble here.  Try typing  <return>  to proceed.
If that doesn't work, type  X <return>  to quit.

! Undefined control sequence.
\setDefaultConfig ...3ex \strut \insertframetitle 
                                                  \strut } 
l.81 \setDefaultConfig
                      
The control sequence at the end of the top line
of your error message was never \def'ed. If you have
misspelled it (e.g., `\hobx'), type `I' and the correct
spelling (e.g., `I\hbox'). Otherwise just continue,
and I'll forget about whatever was undefined.


Overfull \hbox (20.0pt too wide) in paragraph at lines 81--82
[] 
 []

! Undefined control sequence.
l.85 \setbeamerfont
                   {alerted text}{series=\bfseries}
The control sequence at the end of the top line
of your error message was never \def'ed. If you have
misspelled it (e.g., `\hobx'), type `I' and the correct
spelling (e.g., `I\hbox'). Otherwise just continue,
and I'll forget about whatever was undefined.


! LaTeX Error: Missing \begin{document}.

See the LaTeX manual or LaTeX Companion for explanation.
Type  H <return>  for immediate help.
 ...                                              
                                                  
l.85 \setbeamerfont{a
                     lerted text}{series=\bfseries}
You're in trouble here.  Try typing  <return>  to proceed.
If that doesn't work, type  X <return>  to quit.

Missing character: There is no a in font nullfont!
Missing character: There is no l in font nullfont!
Missing character: There is no e in font nullfont!
Missing character: There is no r in font nullfont!
Missing character: There is no t in font nullfont!
Missing character: There is no e in font nullfont!
Missing character: There is no d in font nullfont!
Missing character: There is no t in font nullfont!
Missing character: There is no e in font nullfont!
Missing character: There is no x in font nullfont!
Missing character: There is no t in font nullfont!
Missing character: There is no s in font nullfont!
Missing character: There is no e in font nullfont!
Missing character: There is no r in font nullfont!
Missing character: There is no i in font nullfont!
Missing character: There is no e in font nullfont!
Missing character: There is no s in font nullfont!
Missing character: There is no = in font nullfont!
! Undefined control sequence.
l.86 \setbeamerfont
                   {block title}{series=\bfseries}
The control sequence at the end of the top line
of your error message was never \def'ed. If you have
misspelled it (e.g., `\hobx'), type `I' and the correct
spelling (e.g., `I\hbox'). Otherwise just continue,
and I'll forget about whatever was undefined.

Missing character: There is no b in font nullfont!
Missing character: There is no l in font nullfont!
Missing character: There is no o in font nullfont!
Missing character: There is no c in font nullfont!
Missing character: There is no k in font nullfont!
Missing character: There is no t in font nullfont!
Missing character: There is no i in font nullfont!
Missing character: There is no t in font nullfont!
Missing character: There is no l in font nullfont!
Missing character: There is no e in font nullfont!
Missing character: There is no s in font nullfont!
Missing character: There is no e in font nullfont!
Missing character: There is no r in font nullfont!
Missing character: There is no i in font nullfont!
Missing character: There is no e in font nullfont!
Missing character: There is no s in font nullfont!
Missing character: There is no = in font nullfont!

Overfull \hbox (20.0pt too wide) in paragraph at lines 85--87
[]
 []

! Undefined control sequence.
l.90 \setbeamertemplate
                       {section in toc}{%
The control sequence at the end of the top line
of your error message was never \def'ed. If you have
misspelled it (e.g., `\hobx'), type `I' and the correct
spelling (e.g., `I\hbox'). Otherwise just continue,
and I'll forget about whatever was undefined.


! LaTeX Error: Missing \begin{document}.

See the LaTeX manual or LaTeX Companion for explanation.
Type  H <return>  for immediate help.
 ...                                              
                                                  
l.90 \setbeamertemplate{s
                         ection in toc}{%
You're in trouble here.  Try typing  <return>  to proceed.
If that doesn't work, type  X <return>  to quit.

Missing character: There is no s in font nullfont!
Missing character: There is no e in font nullfont!
Missing character: There is no c in font nullfont!
Missing character: There is no t in font nullfont!
Missing character: There is no i in font nullfont!
Missing character: There is no o in font nullfont!
Missing character: There is no n in font nullfont!
Missing character: There is no i in font nullfont!
Missing character: There is no n in font nullfont!
Missing character: There is no t in font nullfont!
Missing character: There is no o in font nullfont!
Missing character: There is no c in font nullfont!
! Undefined control sequence.
l.91   {\inserttocsectionnumber
                               .}~\inserttocsection
The control sequence at the end of the top line
of your error message was never \def'ed. If you have
misspelled it (e.g., `\hobx'), type `I' and the correct
spelling (e.g., `I\hbox'). Otherwise just continue,
and I'll forget about whatever was undefined.

Missing character: There is no . in font nullfont!
! Undefined control sequence.
l.91 ...inserttocsectionnumber.}~\inserttocsection
                                                  
The control sequence at the end of the top line
of your error message was never \def'ed. If you have
misspelled it (e.g., `\hobx'), type `I' and the correct
spelling (e.g., `I\hbox'). Otherwise just continue,
and I'll forget about whatever was undefined.

! Undefined control sequence.
l.93 \setbeamertemplate
                       {subsection in toc}[square]
The control sequence at the end of the top line
of your error message was never \def'ed. If you have
misspelled it (e.g., `\hobx'), type `I' and the correct
spelling (e.g., `I\hbox'). Otherwise just continue,
and I'll forget about whatever was undefined.

Missing character: There is no s in font nullfont!
Missing character: There is no u in font nullfont!
Missing character: There is no b in font nullfont!
Missing character: There is no s in font nullfont!
Missing character: There is no e in font nullfont!
Missing character: There is no c in font nullfont!
Missing character: There is no t in font nullfont!
Missing character: There is no i in font nullfont!
Missing character: There is no o in font nullfont!
Missing character: There is no n in font nullfont!
Missing character: There is no i in font nullfont!
Missing character: There is no n in font nullfont!
Missing character: There is no t in font nullfont!
Missing character: There is no o in font nullfont!
Missing character: There is no c in font nullfont!
Missing character: There is no [ in font nullfont!
Missing character: There is no s in font nullfont!
Missing character: There is no q in font nullfont!
Missing character: There is no u in font nullfont!
Missing character: There is no a in font nullfont!
Missing character: There is no r in font nullfont!
Missing character: There is no e in font nullfont!
Missing character: There is no ] in font nullfont!

Overfull \hbox (20.0pt too wide) in paragraph at lines 90--97
[]
 []

! Undefined control sequence.
l.99 \setbeamertemplate
                       {itemize item}{\scriptsize\raise1.25pt\hbox{\large\do...
The control sequence at the end of the top line
of your error message was never \def'ed. If you have
misspelled it (e.g., `\hobx'), type `I' and the correct
spelling (e.g., `I\hbox'). Otherwise just continue,
and I'll forget about whatever was undefined.


! LaTeX Error: Missing \begin{document}.

See the LaTeX manual or LaTeX Companion for explanation.
Type  H <return>  for immediate help.
 ...                                              
                                                  
l.99 \setbeamertemplate{i
                         temize item}{\scriptsize\raise1.25pt\hbox{\large\do...
You're in trouble here.  Try typing  <return>  to proceed.
If that doesn't work, type  X <return>  to quit.

Missing character: There is no i in font nullfont!
Missing character: There is no t in font nullfont!
Missing character: There is no e in font nullfont!
Missing character: There is no m in font nullfont!
Missing character: There is no i in font nullfont!
Missing character: There is no z in font nullfont!
Missing character: There is no e in font nullfont!
Missing character: There is no i in font nullfont!
Missing character: There is no t in font nullfont!
Missing character: There is no e in font nullfont!
Missing character: There is no m in font nullfont!
! Undefined control sequence.
l.99 \setbeamertemplate{itemize item}{\scriptsize
                                                 \raise1.25pt\hbox{\large\do...
The control sequence at the end of the top line
of your error message was never \def'ed. If you have
misspelled it (e.g., `\hobx'), type `I' and the correct
spelling (e.g., `I\hbox'). Otherwise just continue,
and I'll forget about whatever was undefined.

! Undefined control sequence.
l.99 ... item}{\scriptsize\raise1.25pt\hbox{\large
                                                  \donotcoloroutermaths$\bul...
The control sequence at the end of the top line
of your error message was never \def'ed. If you have
misspelled it (e.g., `\hobx'), type `I' and the correct
spelling (e.g., `I\hbox'). Otherwise just continue,
and I'll forget about whatever was undefined.

! Undefined control sequence.
l.99 ...ise1.25pt\hbox{\large\donotcoloroutermaths
                                                  $\bullet$}}
The control sequence at the end of the top line
of your error message was never \def'ed. If you have
misspelled it (e.g., `\hobx'), type `I' and the correct
spelling (e.g., `I\hbox'). Otherwise just continue,
and I'll forget about whatever was undefined.

LaTeX Font Info:    External font `cmex10' loaded for size
(Font)              <7> on input line 99.
LaTeX Font Info:    External font `cmex10' loaded for size
(Font)              <5> on input line 99.
! Undefined control sequence.
l.100 \setbeamertemplate
                        {itemize subitem}{\tiny\raise1.5pt\hbox{\donotcoloro...
The control sequence at the end of the top line
of your error message was never \def'ed. If you have
misspelled it (e.g., `\hobx'), type `I' and the correct
spelling (e.g., `I\hbox'). Otherwise just continue,
and I'll forget about whatever was undefined.

Missing character: There is no i in font nullfont!
Missing character: There is no t in font nullfont!
Missing character: There is no e in font nullfont!
Missing character: There is no m in font nullfont!
Missing character: There is no i in font nullfont!
Missing character: There is no z in font nullfont!
Missing character: There is no e in font nullfont!
Missing character: There is no s in font nullfont!
Missing character: There is no u in font nullfont!
Missing character: There is no b in font nullfont!
Missing character: There is no i in font nullfont!
Missing character: There is no t in font nullfont!
Missing character: There is no e in font nullfont!
Missing character: There is no m in font nullfont!
! Undefined control sequence.
l.100 \setbeamertemplate{itemize subitem}{\tiny
                                               \raise1.5pt\hbox{\donotcoloro...
The control sequence at the end of the top line
of your error message was never \def'ed. If you have
misspelled it (e.g., `\hobx'), type `I' and the correct
spelling (e.g., `I\hbox'). Otherwise just continue,
and I'll forget about whatever was undefined.

! Undefined control sequence.
l.100 ...iny\raise1.5pt\hbox{\donotcoloroutermaths
                                                  $\circ$}}
The control sequence at the end of the top line
of your error message was never \def'ed. If you have
misspelled it (e.g., `\hobx'), type `I' and the correct
spelling (e.g., `I\hbox'). Otherwise just continue,
and I'll forget about whatever was undefined.

! Undefined control sequence.
l.101 \setbeamertemplate
                        {itemize subsubitem}{\tiny\raise1.5pt\hbox{\donotcol...
The control sequence at the end of the top line
of your error message was never \def'ed. If you have
misspelled it (e.g., `\hobx'), type `I' and the correct
spelling (e.g., `I\hbox'). Otherwise just continue,
and I'll forget about whatever was undefined.

Missing character: There is no i in font nullfont!
Missing character: There is no t in font nullfont!
Missing character: There is no e in font nullfont!
Missing character: There is no m in font nullfont!
Missing character: There is no i in font nullfont!
Missing character: There is no z in font nullfont!
Missing character: There is no e in font nullfont!
Missing character: There is no s in font nullfont!
Missing character: There is no u in font nullfont!
Missing character: There is no b in font nullfont!
Missing character: There is no s in font nullfont!
Missing character: There is no u in font nullfont!
Missing character: There is no b in font nullfont!
Missing character: There is no i in font nullfont!
Missing character: There is no t in font nullfont!
Missing character: There is no e in font nullfont!
Missing character: There is no m in font nullfont!
! Undefined control sequence.
l.101 \setbeamertemplate{itemize subsubitem}{\tiny
                                                  \raise1.5pt\hbox{\donotcol...
The control sequence at the end of the top line
of your error message was never \def'ed. If you have
misspelled it (e.g., `\hobx'), type `I' and the correct
spelling (e.g., `I\hbox'). Otherwise just continue,
and I'll forget about whatever was undefined.

! Undefined control sequence.
l.101 ...iny\raise1.5pt\hbox{\donotcoloroutermaths
                                                  $\blacksquare$}}
The control sequence at the end of the top line
of your error message was never \def'ed. If you have
misspelled it (e.g., `\hobx'), type `I' and the correct
spelling (e.g., `I\hbox'). Otherwise just continue,
and I'll forget about whatever was undefined.

! Undefined control sequence.
<recently read> \blacksquare 
                             
l.101 ...t\hbox{\donotcoloroutermaths$\blacksquare
                                                  $}}
The control sequence at the end of the top line
of your error message was never \def'ed. If you have
misspelled it (e.g., `\hobx'), type `I' and the correct
spelling (e.g., `I\hbox'). Otherwise just continue,
and I'll forget about whatever was undefined.


Overfull \hbox (20.0pt too wide) in paragraph at lines 99--102
[]
 []


Overfull \hbox (5.00002pt too wide) in paragraph at lines 99--102
[]
 []


Overfull \hbox (5.00002pt too wide) in paragraph at lines 99--102
[]
 []

! Undefined control sequence.
l.103 \setbeamertemplate
                        {frametitle}{
The control sequence at the end of the top line
of your error message was never \def'ed. If you have
misspelled it (e.g., `\hobx'), type `I' and the correct
spelling (e.g., `I\hbox'). Otherwise just continue,
and I'll forget about whatever was undefined.


! LaTeX Error: Missing \begin{document}.

See the LaTeX manual or LaTeX Companion for explanation.
Type  H <return>  for immediate help.
 ...                                              
                                                  
l.103 \setbeamertemplate{f
                          rametitle}{
You're in trouble here.  Try typing  <return>  to proceed.
If that doesn't work, type  X <return>  to quit.

Missing character: There is no f in font nullfont!
Missing character: There is no r in font nullfont!
Missing character: There is no a in font nullfont!
Missing character: There is no m in font nullfont!
Missing character: There is no e in font nullfont!
Missing character: There is no t in font nullfont!
Missing character: There is no i in font nullfont!
Missing character: There is no t in font nullfont!
Missing character: There is no l in font nullfont!
Missing character: There is no e in font nullfont!

Overfull \hbox (20.0pt too wide) in paragraph at lines 103--104
[]
 []


! LaTeX Error: Missing \begin{document}.

See the LaTeX manual or LaTeX Companion for explanation.
Type  H <return>  for immediate help.
 ...                                              
                                                  
l.104 ...\vbox{}\hskip -0.5ex \vskip -3ex   \strut
                                                  \insertframetitle\strut
You're in trouble here.  Try typing  <return>  to proceed.
If that doesn't work, type  X <return>  to quit.

! Undefined control sequence.
l.104 ...5ex \vskip -3ex   \strut\insertframetitle
                                                  \strut
The control sequence at the end of the top line
of your error message was never \def'ed. If you have
misspelled it (e.g., `\hobx'), type `I' and the correct
spelling (e.g., `I\hbox'). Otherwise just continue,
and I'll forget about whatever was undefined.

! Undefined control sequence.
l.106 \setbeamerfont
                    {frametitle}{size=\LARGE, series=\bfseries}
The control sequence at the end of the top line
of your error message was never \def'ed. If you have
misspelled it (e.g., `\hobx'), type `I' and the correct
spelling (e.g., `I\hbox'). Otherwise just continue,
and I'll forget about whatever was undefined.

Missing character: There is no f in font nullfont!
Missing character: There is no r in font nullfont!
Missing character: There is no a in font nullfont!
Missing character: There is no m in font nullfont!
Missing character: There is no e in font nullfont!
Missing character: There is no t in font nullfont!
Missing character: There is no i in font nullfont!
Missing character: There is no t in font nullfont!
Missing character: There is no l in font nullfont!
Missing character: There is no e in font nullfont!
Missing character: There is no s in font nullfont!
Missing character: There is no i in font nullfont!
Missing character: There is no z in font nullfont!
Missing character: There is no e in font nullfont!
Missing character: There is no = in font nullfont!
! Undefined control sequence.
l.106 \setbeamerfont{frametitle}{size=\LARGE
                                            , series=\bfseries}
The control sequence at the end of the top line
of your error message was never \def'ed. If you have
misspelled it (e.g., `\hobx'), type `I' and the correct
spelling (e.g., `I\hbox'). Otherwise just continue,
and I'll forget about whatever was undefined.

Missing character: There is no , in font nullfont!
Missing character: There is no s in font nullfont!
Missing character: There is no e in font nullfont!
Missing character: There is no r in font nullfont!
Missing character: There is no i in font nullfont!
Missing character: There is no e in font nullfont!
Missing character: There is no s in font nullfont!
Missing character: There is no = in font nullfont!

Overfull \hbox (20.0pt too wide) in paragraph at lines 104--107
[]
 []

! Undefined control sequence.
l.108 \setbeamertemplate
                        {footline}{
The control sequence at the end of the top line
of your error message was never \def'ed. If you have
misspelled it (e.g., `\hobx'), type `I' and the correct
spelling (e.g., `I\hbox'). Otherwise just continue,
and I'll forget about whatever was undefined.


! LaTeX Error: Missing \begin{document}.

See the LaTeX manual or LaTeX Companion for explanation.
Type  H <return>  for immediate help.
 ...                                              
                                                  
l.108 \setbeamertemplate{f
                          ootline}{
You're in trouble here.  Try typing  <return>  to proceed.
If that doesn't work, type  X <return>  to quit.

Missing character: There is no f in font nullfont!
Missing character: There is no o in font nullfont!
Missing character: There is no o in font nullfont!
Missing character: There is no t in font nullfont!
Missing character: There is no l in font nullfont!
Missing character: There is no i in font nullfont!
Missing character: There is no n in font nullfont!
Missing character: There is no e in font nullfont!
! Undefined control sequence.
l.109     \ifnum \insertpagenumber
                                   > 1
The control sequence at the end of the top line
of your error message was never \def'ed. If you have
misspelled it (e.g., `\hobx'), type `I' and the correct
spelling (e.g., `I\hbox'). Otherwise just continue,
and I'll forget about whatever was undefined.

! Missing number, treated as zero.
<to be read again> 
                   >
l.109     \ifnum \insertpagenumber >
                                     1
A number should have been here; I inserted `0'.
(If you can't figure out why I needed to see a number,
look up `weird error' in the index to The TeXbook.)

! Undefined control sequence.
l.115 \defbeamertemplate
                        {footline}{ftln}{
The control sequence at the end of the top line
of your error message was never \def'ed. If you have
misspelled it (e.g., `\hobx'), type `I' and the correct
spelling (e.g., `I\hbox'). Otherwise just continue,
and I'll forget about whatever was undefined.

Missing character: There is no f in font nullfont!
Missing character: There is no o in font nullfont!
Missing character: There is no o in font nullfont!
Missing character: There is no t in font nullfont!
Missing character: There is no l in font nullfont!
Missing character: There is no i in font nullfont!
Missing character: There is no n in font nullfont!
Missing character: There is no e in font nullfont!
Missing character: There is no f in font nullfont!
Missing character: There is no t in font nullfont!
Missing character: There is no l in font nullfont!
Missing character: There is no n in font nullfont!

Overfull \hbox (20.0pt too wide) in paragraph at lines 108--116
[]
 []

! Undefined control sequence.
l.120 \setbeamertemplate
                        {navigation symbols}{}
The control sequence at the end of the top line
of your error message was never \def'ed. If you have
misspelled it (e.g., `\hobx'), type `I' and the correct
spelling (e.g., `I\hbox'). Otherwise just continue,
and I'll forget about whatever was undefined.


! LaTeX Error: Missing \begin{document}.

See the LaTeX manual or LaTeX Companion for explanation.
Type  H <return>  for immediate help.
 ...                                              
                                                  
l.120 \setbeamertemplate{n
                          avigation symbols}{}
You're in trouble here.  Try typing  <return>  to proceed.
If that doesn't work, type  X <return>  to quit.

Missing character: There is no n in font nullfont!
Missing character: There is no a in font nullfont!
Missing character: There is no v in font nullfont!
Missing character: There is no i in font nullfont!
Missing character: There is no g in font nullfont!
Missing character: There is no a in font nullfont!
Missing character: There is no t in font nullfont!
Missing character: There is no i in font nullfont!
Missing character: There is no o in font nullfont!
Missing character: There is no n in font nullfont!
Missing character: There is no s in font nullfont!
Missing character: There is no y in font nullfont!
Missing character: There is no m in font nullfont!
Missing character: There is no b in font nullfont!
Missing character: There is no o in font nullfont!
Missing character: There is no l in font nullfont!
Missing character: There is no s in font nullfont!

Overfull \hbox (20.0pt too wide) in paragraph at lines 120--121
[]
 []

! Undefined control sequence.
l.122 \setbeamertemplate
                        {block begin}{
The control sequence at the end of the top line
of your error message was never \def'ed. If you have
misspelled it (e.g., `\hobx'), type `I' and the correct
spelling (e.g., `I\hbox'). Otherwise just continue,
and I'll forget about whatever was undefined.


! LaTeX Error: Missing \begin{document}.

See the LaTeX manual or LaTeX Companion for explanation.
Type  H <return>  for immediate help.
 ...                                              
                                                  
l.122 \setbeamertemplate{b
                          lock begin}{
You're in trouble here.  Try typing  <return>  to proceed.
If that doesn't work, type  X <return>  to quit.

Missing character: There is no b in font nullfont!
Missing character: There is no l in font nullfont!
Missing character: There is no o in font nullfont!
Missing character: There is no c in font nullfont!
Missing character: There is no k in font nullfont!
Missing character: There is no b in font nullfont!
Missing character: There is no e in font nullfont!
Missing character: There is no g in font nullfont!
Missing character: There is no i in font nullfont!
Missing character: There is no n in font nullfont!

! LaTeX Error: Environment adjustbox undefined.

See the LaTeX manual or LaTeX Companion for explanation.
Type  H <return>  for immediate help.
 ...                                              
                                                  
l.124 	\begin{adjustbox}
                        {max width=0.98\textwidth,clip}
Your command was ignored.
Type  I <command> <return>  to replace it with another command,
or  <return>  to continue without it.

Missing character: There is no m in font nullfont!
Missing character: There is no a in font nullfont!
Missing character: There is no x in font nullfont!
Missing character: There is no w in font nullfont!
Missing character: There is no i in font nullfont!
Missing character: There is no d in font nullfont!
Missing character: There is no t in font nullfont!
Missing character: There is no h in font nullfont!
Missing character: There is no = in font nullfont!
Missing character: There is no 0 in font nullfont!
Missing character: There is no . in font nullfont!
Missing character: There is no 9 in font nullfont!
Missing character: There is no 8 in font nullfont!
! Illegal unit of measure (pt inserted).
<to be read again> 
                   c
l.124 ...in{adjustbox}{max width=0.98\textwidth,cl
                                                  ip}
Dimensions can be in units of em, ex, in, pt, pc,
cm, mm, dd, cc, nd, nc, bp, or sp; but yours is a new one!
I'll assume that you meant to say pt, for printer's points.
To recover gracefully from this error, it's best to
delete the erroneous units; e.g., type `2' to delete
two letters. (See Chapter 27 of The TeXbook.)

Missing character: There is no c in font nullfont!
Missing character: There is no l in font nullfont!
Missing character: There is no i in font nullfont!
Missing character: There is no p in font nullfont!
! Undefined control sequence.
<argument> !{\color 
                    {PrimaryColor}{\vrule width 4pt}}>{\columncolor [gray]{0...
l.125 ...>{\columncolor[gray]{0.97}}m{\textwidth}}
                                                  
The control sequence at the end of the top line
of your error message was never \def'ed. If you have
misspelled it (e.g., `\hobx'), type `I' and the correct
spelling (e.g., `I\hbox'). Otherwise just continue,
and I'll forget about whatever was undefined.

! Undefined control sequence.
<argument> ...r}{\vrule width 4pt}}>{\columncolor 
                                                  [gray]{0.97}}m{\textwidth }
l.125 ...>{\columncolor[gray]{0.97}}m{\textwidth}}
                                                  
The control sequence at the end of the top line
of your error message was never \def'ed. If you have
misspelled it (e.g., `\hobx'), type `I' and the correct
spelling (e.g., `I\hbox'). Otherwise just continue,
and I'll forget about whatever was undefined.


! LaTeX Error: Illegal character in array arg.

See the LaTeX manual or LaTeX Companion for explanation.
Type  H <return>  for immediate help.
 ...                                              
                                                  
l.125 ...>{\columncolor[gray]{0.97}}m{\textwidth}}
                                                  
You're in trouble here.  Try typing  <return>  to proceed.
If that doesn't work, type  X <return>  to quit.


! LaTeX Error: Illegal character in array arg.

See the LaTeX manual or LaTeX Companion for explanation.
Type  H <return>  for immediate help.
 ...                                              
                                                  
l.125 ...>{\columncolor[gray]{0.97}}m{\textwidth}}
                                                  
You're in trouble here.  Try typing  <return>  to proceed.
If that doesn't work, type  X <return>  to quit.


! LaTeX Error: Illegal character in array arg.

See the LaTeX manual or LaTeX Companion for explanation.
Type  H <return>  for immediate help.
 ...                                              
                                                  
l.125 ...>{\columncolor[gray]{0.97}}m{\textwidth}}
                                                  
You're in trouble here.  Try typing  <return>  to proceed.
If that doesn't work, type  X <return>  to quit.


! LaTeX Error: Illegal character in array arg.

See the LaTeX manual or LaTeX Companion for explanation.
Type  H <return>  for immediate help.
 ...                                              
                                                  
l.125 ...>{\columncolor[gray]{0.97}}m{\textwidth}}
                                                  
You're in trouble here.  Try typing  <return>  to proceed.
If that doesn't work, type  X <return>  to quit.


! LaTeX Error: Illegal character in array arg.

See the LaTeX manual or LaTeX Companion for explanation.
Type  H <return>  for immediate help.
 ...                                              
                                                  
l.125 ...>{\columncolor[gray]{0.97}}m{\textwidth}}
                                                  
You're in trouble here.  Try typing  <return>  to proceed.
If that doesn't work, type  X <return>  to quit.


! LaTeX Error: Illegal character in array arg.

See the LaTeX manual or LaTeX Companion for explanation.
Type  H <return>  for immediate help.
 ...                                              
                                                  
l.125 ...>{\columncolor[gray]{0.97}}m{\textwidth}}
                                                  
You're in trouble here.  Try typing  <return>  to proceed.
If that doesn't work, type  X <return>  to quit.


! LaTeX Error: Environment beamercolorbox undefined.

See the LaTeX manual or LaTeX Companion for explanation.
Type  H <return>  for immediate help.
 ...                                              
                                                  
l.126 			\begin{beamercolorbox}
                               {block title} \usebeamerfont*{block title} \v...
Your command was ignored.
Type  I <command> <return>  to replace it with another command,
or  <return>  to continue without it.

Missing character: There is no b in font nullfont!
Missing character: There is no l in font nullfont!
Missing character: There is no o in font nullfont!
Missing character: There is no c in font nullfont!
Missing character: There is no k in font nullfont!
Missing character: There is no t in font nullfont!
Missing character: There is no i in font nullfont!
Missing character: There is no t in font nullfont!
Missing character: There is no l in font nullfont!
Missing character: There is no e in font nullfont!
! Undefined control sequence.
l.126 ...amercolorbox}{block title} \usebeamerfont
                                                  *{block title} \vbox{}\vsk...
The control sequence at the end of the top line
of your error message was never \def'ed. If you have
misspelled it (e.g., `\hobx'), type `I' and the correct
spelling (e.g., `I\hbox'). Otherwise just continue,
and I'll forget about whatever was undefined.

Missing character: There is no * in font nullfont!
Missing character: There is no b in font nullfont!
Missing character: There is no l in font nullfont!
Missing character: There is no o in font nullfont!
Missing character: There is no c in font nullfont!
Missing character: There is no k in font nullfont!
Missing character: There is no t in font nullfont!
Missing character: There is no i in font nullfont!
Missing character: There is no t in font nullfont!
Missing character: There is no l in font nullfont!
Missing character: There is no e in font nullfont!
! Missing \endgroup inserted.
<inserted text> 
                \endgroup 
l.126 ...usebeamerfont*{block title} \vbox{}\vskip
                                                   0.2ex \insertblocktitle \...
I've inserted something that you may have forgotten.
(See the <inserted text> above.)
With luck, this will get me unwedged. But if you
really didn't forget anything, try typing `2' now; then
my insertion and my current dilemma will both disappear.

! Missing } inserted.
<inserted text> 
                }
l.126 ...usebeamerfont*{block title} \vbox{}\vskip
                                                   0.2ex \insertblocktitle \...
I've inserted something that you may have forgotten.
(See the <inserted text> above.)
With luck, this will get me unwedged. But if you
really didn't forget anything, try typing `2' now; then
my insertion and my current dilemma will both disappear.

! Missing } inserted.
<inserted text> 
                }
l.126 ...usebeamerfont*{block title} \vbox{}\vskip
                                                   0.2ex \insertblocktitle \...
I've inserted something that you may have forgotten.
(See the <inserted text> above.)
With luck, this will get me unwedged. But if you
really didn't forget anything, try typing `2' now; then
my insertion and my current dilemma will both disappear.

! Missing \cr inserted.
<inserted text> 
                \cr 
l.126 ...usebeamerfont*{block title} \vbox{}\vskip
                                                   0.2ex \insertblocktitle \...
I'm guessing that you meant to end an alignment here.

! Missing { inserted.
<inserted text> 
                {
l.126 ...usebeamerfont*{block title} \vbox{}\vskip
                                                   0.2ex \insertblocktitle \...
I've put in what seems to be necessary to fix
the current column of the current alignment.
Try to go on, since this might almost work.

! Undefined control sequence.
l.126 ...le} \vbox{}\vskip 0.2ex \insertblocktitle
                                                   \end{beamercolorbox}\useb...
The control sequence at the end of the top line
of your error message was never \def'ed. If you have
misspelled it (e.g., `\hobx'), type `I' and the correct
spelling (e.g., `I\hbox'). Otherwise just continue,
and I'll forget about whatever was undefined.


! LaTeX Error: \begin{tabular} on input line 125 ended by \end{beamercolorbox}.

See the LaTeX manual or LaTeX Companion for explanation.
Type  H <return>  for immediate help.
 ...                                              
                                                  
l.126 ...ex \insertblocktitle \end{beamercolorbox}
                                                  \usebeamerfont*{block text}
Your command was ignored.
Type  I <command> <return>  to replace it with another command,
or  <return>  to continue without it.

! Missing } inserted.
<inserted text> 
                }
l.126 ...ex \insertblocktitle \end{beamercolorbox}
                                                  \usebeamerfont*{block text}
I've inserted something that you may have forgotten.
(See the <inserted text> above.)
With luck, this will get me unwedged. But if you
really didn't forget anything, try typing `2' now; then
my insertion and my current dilemma will both disappear.

! Missing $ inserted.
<inserted text> 
                $
l.126 ...ex \insertblocktitle \end{beamercolorbox}
                                                  \usebeamerfont*{block text}
I've inserted something that you may have forgotten.
(See the <inserted text> above.)
With luck, this will get me unwedged. But if you
really didn't forget anything, try typing `2' now; then
my insertion and my current dilemma will both disappear.

! Missing } inserted.
<inserted text> 
                }
l.126 ...ex \insertblocktitle \end{beamercolorbox}
                                                  \usebeamerfont*{block text}
I've inserted something that you may have forgotten.
(See the <inserted text> above.)
With luck, this will get me unwedged. But if you
really didn't forget anything, try typing `2' now; then
my insertion and my current dilemma will both disappear.

! Undefined control sequence.
l.126 ...ktitle \end{beamercolorbox}\usebeamerfont
                                                  *{block text}
The control sequence at the end of the top line
of your error message was never \def'ed. If you have
misspelled it (e.g., `\hobx'), type `I' and the correct
spelling (e.g., `I\hbox'). Otherwise just continue,
and I'll forget about whatever was undefined.

Missing character: There is no * in font nullfont!
Missing character: There is no b in font nullfont!
Missing character: There is no l in font nullfont!
Missing character: There is no o in font nullfont!
Missing character: There is no c in font nullfont!
Missing character: There is no k in font nullfont!
Missing character: There is no t in font nullfont!
Missing character: There is no e in font nullfont!
Missing character: There is no x in font nullfont!
Missing character: There is no t in font nullfont!
! Extra }, or forgotten \endgroup.
l.127 		}
         
I've deleted a group-closing symbol because it seems to be
spurious, as in `$x}$'. But perhaps the } is legitimate and
you forgot something else, as in `\hbox{$x}'. In such cases
the way to recover is to insert both the forgotten and the
deleted material, e.g., by typing `I$}'.

! Undefined control sequence.
l.128 		\setbeamertemplate
                          {block end}{\end{tabular}\end{adjustbox}}
The control sequence at the end of the top line
of your error message was never \def'ed. If you have
misspelled it (e.g., `\hobx'), type `I' and the correct
spelling (e.g., `I\hbox'). Otherwise just continue,
and I'll forget about whatever was undefined.

Missing character: There is no b in font nullfont!
Missing character: There is no l in font nullfont!
Missing character: There is no o in font nullfont!
Missing character: There is no c in font nullfont!
Missing character: There is no k in font nullfont!
Missing character: There is no e in font nullfont!
Missing character: There is no n in font nullfont!
Missing character: There is no d in font nullfont!
! Misplaced \crcr.
\endtabular ->\crcr 
                    \egroup \egroup $\egroup 
l.128 ...etbeamertemplate{block end}{\end{tabular}
                                                  \end{adjustbox}}
I can't figure out why you would want to use a tab mark
or \cr or \span just now. If something like a right brace
up above has ended a previous alignment prematurely,
you're probably due for more error messages, and you
might try typing `S' now just to see what is salvageable.

! Extra }, or forgotten \endgroup.
\endtabular ->\crcr \egroup \egroup 
                                    $\egroup 
l.128 ...etbeamertemplate{block end}{\end{tabular}
                                                  \end{adjustbox}}
I've deleted a group-closing symbol because it seems to be
spurious, as in `$x}$'. But perhaps the } is legitimate and
you forgot something else, as in `\hbox{$x}'. In such cases
the way to recover is to insert both the forgotten and the
deleted material, e.g., by typing `I$}'.

! Extra }, or forgotten $.
<recently read> \egroup 
                        
l.128 ...etbeamertemplate{block end}{\end{tabular}
                                                  \end{adjustbox}}
I've deleted a group-closing symbol because it seems to be
spurious, as in `$x}$'. But perhaps the } is legitimate and
you forgot something else, as in `\hbox{$x}'. In such cases
the way to recover is to insert both the forgotten and the
deleted material, e.g., by typing `I$}'.


! LaTeX Error: \begin{document} ended by \end{tabular}.

See the LaTeX manual or LaTeX Companion for explanation.
Type  H <return>  for immediate help.
 ...                                              
                                                  
l.128 ...etbeamertemplate{block end}{\end{tabular}
                                                  \end{adjustbox}}
Your command was ignored.
Type  I <command> <return>  to replace it with another command,
or  <return>  to continue without it.

! Missing $ inserted.
<inserted text> 
                $
l.128 ...etbeamertemplate{block end}{\end{tabular}
                                                  \end{adjustbox}}
I've inserted something that you may have forgotten.
(See the <inserted text> above.)
With luck, this will get me unwedged. But if you
really didn't forget anything, try typing `2' now; then
my insertion and my current dilemma will both disappear.


! LaTeX Error: \begin{document} ended by \end{adjustbox}.

See the LaTeX manual or LaTeX Companion for explanation.
Type  H <return>  for immediate help.
 ...                                              
                                                  
l.128 ...e{block end}{\end{tabular}\end{adjustbox}
                                                  }
Your command was ignored.
Type  I <command> <return>  to replace it with another command,
or  <return>  to continue without it.

! Missing } inserted.
<inserted text> 
                }
l.128 ...e{block end}{\end{tabular}\end{adjustbox}
                                                  }
I've inserted something that you may have forgotten.
(See the <inserted text> above.)
With luck, this will get me unwedged. But if you
really didn't forget anything, try typing `2' now; then
my insertion and my current dilemma will both disappear.

! Extra \endgroup.
<recently read> \endgroup 
                          
l.128 ...e{block end}{\end{tabular}\end{adjustbox}
                                                  }
Things are pretty mixed up, but I think the worst is over.

! Too many }'s.
l.128 ...{block end}{\end{tabular}\end{adjustbox}}
                                                  
You've closed more groups than you opened.
Such booboos are generally harmless, so keep going.


Overfull \hbox (20.0pt too wide) in paragraph at lines 122--129
[]
 []

! Undefined control sequence.
l.130 \setbeamertemplate
                        {block alerted begin}{
The control sequence at the end of the top line
of your error message was never \def'ed. If you have
misspelled it (e.g., `\hobx'), type `I' and the correct
spelling (e.g., `I\hbox'). Otherwise just continue,
and I'll forget about whatever was undefined.


! LaTeX Error: Missing \begin{document}.

See the LaTeX manual or LaTeX Companion for explanation.
Type  H <return>  for immediate help.
 ...                                              
                                                  
l.130 \setbeamertemplate{b
                          lock alerted begin}{
You're in trouble here.  Try typing  <return>  to proceed.
If that doesn't work, type  X <return>  to quit.

Missing character: There is no b in font nullfont!
Missing character: There is no l in font nullfont!
Missing character: There is no o in font nullfont!
Missing character: There is no c in font nullfont!
Missing character: There is no k in font nullfont!
Missing character: There is no a in font nullfont!
Missing character: There is no l in font nullfont!
Missing character: There is no e in font nullfont!
Missing character: There is no r in font nullfont!
Missing character: There is no t in font nullfont!
Missing character: There is no e in font nullfont!
Missing character: There is no d in font nullfont!
Missing character: There is no b in font nullfont!
Missing character: There is no e in font nullfont!
Missing character: There is no g in font nullfont!
Missing character: There is no i in font nullfont!
Missing character: There is no n in font nullfont!

! LaTeX Error: Environment adjustbox undefined.

See the LaTeX manual or LaTeX Companion for explanation.
Type  H <return>  for immediate help.
 ...                                              
                                                  
l.132 	\begin{adjustbox}
                        {max width=0.98\textwidth,clip}
Your command was ignored.
Type  I <command> <return>  to replace it with another command,
or  <return>  to continue without it.

Missing character: There is no m in font nullfont!
Missing character: There is no a in font nullfont!
Missing character: There is no x in font nullfont!
Missing character: There is no w in font nullfont!
Missing character: There is no i in font nullfont!
Missing character: There is no d in font nullfont!
Missing character: There is no t in font nullfont!
Missing character: There is no h in font nullfont!
Missing character: There is no = in font nullfont!
Missing character: There is no 0 in font nullfont!
Missing character: There is no . in font nullfont!
Missing character: There is no 9 in font nullfont!
Missing character: There is no 8 in font nullfont!
! Illegal unit of measure (pt inserted).
<to be read again> 
                   c
l.132 ...in{adjustbox}{max width=0.98\textwidth,cl
                                                  ip}
Dimensions can be in units of em, ex, in, pt, pc,
cm, mm, dd, cc, nd, nc, bp, or sp; but yours is a new one!
I'll assume that you meant to say pt, for printer's points.
To recover gracefully from this error, it's best to
delete the erroneous units; e.g., type `2' to delete
two letters. (See Chapter 27 of The TeXbook.)

Missing character: There is no c in font nullfont!
Missing character: There is no l in font nullfont!
Missing character: There is no i in font nullfont!
Missing character: There is no p in font nullfont!
! Undefined control sequence.
<argument> !{\color 
                    {DarkOrange}{\vrule width 4pt}}>{\columncolor [gray]{0.9...
l.133 ...>{\columncolor[gray]{0.97}}m{\textwidth}}
                                                  
The control sequence at the end of the top line
of your error message was never \def'ed. If you have
misspelled it (e.g., `\hobx'), type `I' and the correct
spelling (e.g., `I\hbox'). Otherwise just continue,
and I'll forget about whatever was undefined.

! Undefined control sequence.
<argument> ...e}{\vrule width 4pt}}>{\columncolor 
                                                  [gray]{0.97}}m{\textwidth }
l.133 ...>{\columncolor[gray]{0.97}}m{\textwidth}}
                                                  
The control sequence at the end of the top line
of your error message was never \def'ed. If you have
misspelled it (e.g., `\hobx'), type `I' and the correct
spelling (e.g., `I\hbox'). Otherwise just continue,
and I'll forget about whatever was undefined.


! LaTeX Error: Illegal character in array arg.

See the LaTeX manual or LaTeX Companion for explanation.
Type  H <return>  for immediate help.
 ...                                              
                                                  
l.133 ...>{\columncolor[gray]{0.97}}m{\textwidth}}
                                                  
You're in trouble here.  Try typing  <return>  to proceed.
If that doesn't work, type  X <return>  to quit.


! LaTeX Error: Illegal character in array arg.

See the LaTeX manual or LaTeX Companion for explanation.
Type  H <return>  for immediate help.
 ...                                              
                                                  
l.133 ...>{\columncolor[gray]{0.97}}m{\textwidth}}
                                                  
You're in trouble here.  Try typing  <return>  to proceed.
If that doesn't work, type  X <return>  to quit.


! LaTeX Error: Illegal character in array arg.

See the LaTeX manual or LaTeX Companion for explanation.
Type  H <return>  for immediate help.
 ...                                              
                                                  
l.133 ...>{\columncolor[gray]{0.97}}m{\textwidth}}
                                                  
You're in trouble here.  Try typing  <return>  to proceed.
If that doesn't work, type  X <return>  to quit.


! LaTeX Error: Illegal character in array arg.

See the LaTeX manual or LaTeX Companion for explanation.
Type  H <return>  for immediate help.
 ...                                              
                                                  
l.133 ...>{\columncolor[gray]{0.97}}m{\textwidth}}
                                                  
You're in trouble here.  Try typing  <return>  to proceed.
If that doesn't work, type  X <return>  to quit.


! LaTeX Error: Illegal character in array arg.

See the LaTeX manual or LaTeX Companion for explanation.
Type  H <return>  for immediate help.
 ...                                              
                                                  
l.133 ...>{\columncolor[gray]{0.97}}m{\textwidth}}
                                                  
You're in trouble here.  Try typing  <return>  to proceed.
If that doesn't work, type  X <return>  to quit.


! LaTeX Error: Illegal character in array arg.

See the LaTeX manual or LaTeX Companion for explanation.
Type  H <return>  for immediate help.
 ...                                              
                                                  
l.133 ...>{\columncolor[gray]{0.97}}m{\textwidth}}
                                                  
You're in trouble here.  Try typing  <return>  to proceed.
If that doesn't work, type  X <return>  to quit.


! LaTeX Error: Environment beamercolorbox undefined.

See the LaTeX manual or LaTeX Companion for explanation.
Type  H <return>  for immediate help.
 ...                                              
                                                  
l.134 			\begin{beamercolorbox}
                               {alerted text} \usebeamerfont*{block title} \...
Your command was ignored.
Type  I <command> <return>  to replace it with another command,
or  <return>  to continue without it.

Missing character: There is no a in font nullfont!
Missing character: There is no l in font nullfont!
Missing character: There is no e in font nullfont!
Missing character: There is no r in font nullfont!
Missing character: There is no t in font nullfont!
Missing character: There is no e in font nullfont!
Missing character: There is no d in font nullfont!
Missing character: There is no t in font nullfont!
Missing character: There is no e in font nullfont!
Missing character: There is no x in font nullfont!
Missing character: There is no t in font nullfont!
! Undefined control sequence.
l.134 ...mercolorbox}{alerted text} \usebeamerfont
                                                  *{block title} \vbox{}\vsk...
The control sequence at the end of the top line
of your error message was never \def'ed. If you have
misspelled it (e.g., `\hobx'), type `I' and the correct
spelling (e.g., `I\hbox'). Otherwise just continue,
and I'll forget about whatever was undefined.

Missing character: There is no * in font nullfont!
Missing character: There is no b in font nullfont!
Missing character: There is no l in font nullfont!
Missing character: There is no o in font nullfont!
Missing character: There is no c in font nullfont!
Missing character: There is no k in font nullfont!
Missing character: There is no t in font nullfont!
Missing character: There is no i in font nullfont!
Missing character: There is no t in font nullfont!
Missing character: There is no l in font nullfont!
Missing character: There is no e in font nullfont!
! Missing \endgroup inserted.
<inserted text> 
                \endgroup 
l.134 ...usebeamerfont*{block title} \vbox{}\vskip
                                                   0.2ex \insertblocktitle \...
I've inserted something that you may have forgotten.
(See the <inserted text> above.)
With luck, this will get me unwedged. But if you
really didn't forget anything, try typing `2' now; then
my insertion and my current dilemma will both disappear.

! Missing } inserted.
<inserted text> 
                }
l.134 ...usebeamerfont*{block title} \vbox{}\vskip
                                                   0.2ex \insertblocktitle \...
I've inserted something that you may have forgotten.
(See the <inserted text> above.)
With luck, this will get me unwedged. But if you
really didn't forget anything, try typing `2' now; then
my insertion and my current dilemma will both disappear.

! Missing } inserted.
<inserted text> 
                }
l.134 ...usebeamerfont*{block title} \vbox{}\vskip
                                                   0.2ex \insertblocktitle \...
I've inserted something that you may have forgotten.
(See the <inserted text> above.)
With luck, this will get me unwedged. But if you
really didn't forget anything, try typing `2' now; then
my insertion and my current dilemma will both disappear.

! Missing \cr inserted.
<inserted text> 
                \cr 
l.134 ...usebeamerfont*{block title} \vbox{}\vskip
                                                   0.2ex \insertblocktitle \...
I'm guessing that you meant to end an alignment here.

! Missing { inserted.
<inserted text> 
                {
l.134 ...usebeamerfont*{block title} \vbox{}\vskip
                                                   0.2ex \insertblocktitle \...
I've put in what seems to be necessary to fix
the current column of the current alignment.
Try to go on, since this might almost work.

! Undefined control sequence.
l.134 ...le} \vbox{}\vskip 0.2ex \insertblocktitle
                                                   \end{beamercolorbox}\useb...
The control sequence at the end of the top line
of your error message was never \def'ed. If you have
misspelled it (e.g., `\hobx'), type `I' and the correct
spelling (e.g., `I\hbox'). Otherwise just continue,
and I'll forget about whatever was undefined.


! LaTeX Error: \begin{tabular} on input line 133 ended by \end{beamercolorbox}.

See the LaTeX manual or LaTeX Companion for explanation.
Type  H <return>  for immediate help.
 ...                                              
                                                  
l.134 ...ex \insertblocktitle \end{beamercolorbox}
                                                  \usebeamerfont*{block text}
Your command was ignored.
Type  I <command> <return>  to replace it with another command,
or  <return>  to continue without it.

! Missing } inserted.
<inserted text> 
                }
l.134 ...ex \insertblocktitle \end{beamercolorbox}
                                                  \usebeamerfont*{block text}
I've inserted something that you may have forgotten.
(See the <inserted text> above.)
With luck, this will get me unwedged. But if you
really didn't forget anything, try typing `2' now; then
my insertion and my current dilemma will both disappear.

! Missing $ inserted.
<inserted text> 
                $
l.134 ...ex \insertblocktitle \end{beamercolorbox}
                                                  \usebeamerfont*{block text}
I've inserted something that you may have forgotten.
(See the <inserted text> above.)
With luck, this will get me unwedged. But if you
really didn't forget anything, try typing `2' now; then
my insertion and my current dilemma will both disappear.

! Missing } inserted.
<inserted text> 
                }
l.134 ...ex \insertblocktitle \end{beamercolorbox}
                                                  \usebeamerfont*{block text}
I've inserted something that you may have forgotten.
(See the <inserted text> above.)
With luck, this will get me unwedged. But if you
really didn't forget anything, try typing `2' now; then
my insertion and my current dilemma will both disappear.

! Undefined control sequence.
l.134 ...ktitle \end{beamercolorbox}\usebeamerfont
                                                  *{block text}
The control sequence at the end of the top line
of your error message was never \def'ed. If you have
misspelled it (e.g., `\hobx'), type `I' and the correct
spelling (e.g., `I\hbox'). Otherwise just continue,
and I'll forget about whatever was undefined.

Missing character: There is no * in font nullfont!
Missing character: There is no b in font nullfont!
Missing character: There is no l in font nullfont!
Missing character: There is no o in font nullfont!
Missing character: There is no c in font nullfont!
Missing character: There is no k in font nullfont!
Missing character: There is no t in font nullfont!
Missing character: There is no e in font nullfont!
Missing character: There is no x in font nullfont!
Missing character: There is no t in font nullfont!
! Extra }, or forgotten \endgroup.
l.135 		}
         
I've deleted a group-closing symbol because it seems to be
spurious, as in `$x}$'. But perhaps the } is legitimate and
you forgot something else, as in `\hbox{$x}'. In such cases
the way to recover is to insert both the forgotten and the
deleted material, e.g., by typing `I$}'.

! Undefined control sequence.
l.136 		\setbeamertemplate
                          {block alerted end}{\end{tabular}\end{adjustbox}}
The control sequence at the end of the top line
of your error message was never \def'ed. If you have
misspelled it (e.g., `\hobx'), type `I' and the correct
spelling (e.g., `I\hbox'). Otherwise just continue,
and I'll forget about whatever was undefined.

Missing character: There is no b in font nullfont!
Missing character: There is no l in font nullfont!
Missing character: There is no o in font nullfont!
Missing character: There is no c in font nullfont!
Missing character: There is no k in font nullfont!
Missing character: There is no a in font nullfont!
Missing character: There is no l in font nullfont!
Missing character: There is no e in font nullfont!
Missing character: There is no r in font nullfont!
Missing character: There is no t in font nullfont!
Missing character: There is no e in font nullfont!
Missing character: There is no d in font nullfont!
Missing character: There is no e in font nullfont!
Missing character: There is no n in font nullfont!
Missing character: There is no d in font nullfont!
! Misplaced \crcr.
\endtabular ->\crcr 
                    \egroup \egroup $\egroup 
l.136 ...template{block alerted end}{\end{tabular}
                                                  \end{adjustbox}}
I can't figure out why you would want to use a tab mark
or \cr or \span just now. If something like a right brace
up above has ended a previous alignment prematurely,
you're probably due for more error messages, and you
might try typing `S' now just to see what is salvageable.

! Extra }, or forgotten \endgroup.
\endtabular ->\crcr \egroup \egroup 
                                    $\egroup 
l.136 ...template{block alerted end}{\end{tabular}
                                                  \end{adjustbox}}
I've deleted a group-closing symbol because it seems to be
spurious, as in `$x}$'. But perhaps the } is legitimate and
you forgot something else, as in `\hbox{$x}'. In such cases
the way to recover is to insert both the forgotten and the
deleted material, e.g., by typing `I$}'.

! Extra }, or forgotten $.
<recently read> \egroup 
                        
l.136 ...template{block alerted end}{\end{tabular}
                                                  \end{adjustbox}}
I've deleted a group-closing symbol because it seems to be
spurious, as in `$x}$'. But perhaps the } is legitimate and
you forgot something else, as in `\hbox{$x}'. In such cases
the way to recover is to insert both the forgotten and the
deleted material, e.g., by typing `I$}'.


! LaTeX Error: \begin{document} ended by \end{tabular}.

See the LaTeX manual or LaTeX Companion for explanation.
Type  H <return>  for immediate help.
 ...                                              
                                                  
l.136 ...template{block alerted end}{\end{tabular}
                                                  \end{adjustbox}}
Your command was ignored.
Type  I <command> <return>  to replace it with another command,
or  <return>  to continue without it.

! Missing $ inserted.
<inserted text> 
                $
l.136 ...template{block alerted end}{\end{tabular}
                                                  \end{adjustbox}}
I've inserted something that you may have forgotten.
(See the <inserted text> above.)
With luck, this will get me unwedged. But if you
really didn't forget anything, try typing `2' now; then
my insertion and my current dilemma will both disappear.


! LaTeX Error: \begin{document} ended by \end{adjustbox}.

See the LaTeX manual or LaTeX Companion for explanation.
Type  H <return>  for immediate help.
 ...                                              
                                                  
l.136 ...alerted end}{\end{tabular}\end{adjustbox}
                                                  }
Your command was ignored.
Type  I <command> <return>  to replace it with another command,
or  <return>  to continue without it.

! Missing } inserted.
<inserted text> 
                }
l.136 ...alerted end}{\end{tabular}\end{adjustbox}
                                                  }
I've inserted something that you may have forgotten.
(See the <inserted text> above.)
With luck, this will get me unwedged. But if you
really didn't forget anything, try typing `2' now; then
my insertion and my current dilemma will both disappear.

! Extra \endgroup.
<recently read> \endgroup 
                          
l.136 ...alerted end}{\end{tabular}\end{adjustbox}
                                                  }
Things are pretty mixed up, but I think the worst is over.

! Too many }'s.
l.136 ...lerted end}{\end{tabular}\end{adjustbox}}
                                                  
You've closed more groups than you opened.
Such booboos are generally harmless, so keep going.


Overfull \hbox (20.0pt too wide) in paragraph at lines 130--137
[]
 []

! Undefined control sequence.
l.138 \setbeamertemplate
                        {block example begin}{
The control sequence at the end of the top line
of your error message was never \def'ed. If you have
misspelled it (e.g., `\hobx'), type `I' and the correct
spelling (e.g., `I\hbox'). Otherwise just continue,
and I'll forget about whatever was undefined.


! LaTeX Error: Missing \begin{document}.

See the LaTeX manual or LaTeX Companion for explanation.
Type  H <return>  for immediate help.
 ...                                              
                                                  
l.138 \setbeamertemplate{b
                          lock example begin}{
You're in trouble here.  Try typing  <return>  to proceed.
If that doesn't work, type  X <return>  to quit.

Missing character: There is no b in font nullfont!
Missing character: There is no l in font nullfont!
Missing character: There is no o in font nullfont!
Missing character: There is no c in font nullfont!
Missing character: There is no k in font nullfont!
Missing character: There is no e in font nullfont!
Missing character: There is no x in font nullfont!
Missing character: There is no a in font nullfont!
Missing character: There is no m in font nullfont!
Missing character: There is no p in font nullfont!
Missing character: There is no l in font nullfont!
Missing character: There is no e in font nullfont!
Missing character: There is no b in font nullfont!
Missing character: There is no e in font nullfont!
Missing character: There is no g in font nullfont!
Missing character: There is no i in font nullfont!
Missing character: There is no n in font nullfont!

! LaTeX Error: Environment adjustbox undefined.

See the LaTeX manual or LaTeX Companion for explanation.
Type  H <return>  for immediate help.
 ...                                              
                                                  
l.140 	\begin{adjustbox}
                        {max width=0.98\textwidth,clip}
Your command was ignored.
Type  I <command> <return>  to replace it with another command,
or  <return>  to continue without it.

Missing character: There is no m in font nullfont!
Missing character: There is no a in font nullfont!
Missing character: There is no x in font nullfont!
Missing character: There is no w in font nullfont!
Missing character: There is no i in font nullfont!
Missing character: There is no d in font nullfont!
Missing character: There is no t in font nullfont!
Missing character: There is no h in font nullfont!
Missing character: There is no = in font nullfont!
Missing character: There is no 0 in font nullfont!
Missing character: There is no . in font nullfont!
Missing character: There is no 9 in font nullfont!
Missing character: There is no 8 in font nullfont!
! Illegal unit of measure (pt inserted).
<to be read again> 
                   c
l.140 ...in{adjustbox}{max width=0.98\textwidth,cl
                                                  ip}
Dimensions can be in units of em, ex, in, pt, pc,
cm, mm, dd, cc, nd, nc, bp, or sp; but yours is a new one!
I'll assume that you meant to say pt, for printer's points.
To recover gracefully from this error, it's best to
delete the erroneous units; e.g., type `2' to delete
two letters. (See Chapter 27 of The TeXbook.)

Missing character: There is no c in font nullfont!
Missing character: There is no l in font nullfont!
Missing character: There is no i in font nullfont!
Missing character: There is no p in font nullfont!
! Undefined control sequence.
<argument> !{\color 
                    {DarkGreen}{\vrule width 4pt}}>{\columncolor [gray]{0.97...
l.141 ...>{\columncolor[gray]{0.97}}m{\textwidth}}
                                                  
The control sequence at the end of the top line
of your error message was never \def'ed. If you have
misspelled it (e.g., `\hobx'), type `I' and the correct
spelling (e.g., `I\hbox'). Otherwise just continue,
and I'll forget about whatever was undefined.

! Undefined control sequence.
<argument> ...n}{\vrule width 4pt}}>{\columncolor 
                                                  [gray]{0.97}}m{\textwidth }
l.141 ...>{\columncolor[gray]{0.97}}m{\textwidth}}
                                                  
The control sequence at the end of the top line
of your error message was never \def'ed. If you have
misspelled it (e.g., `\hobx'), type `I' and the correct
spelling (e.g., `I\hbox'). Otherwise just continue,
and I'll forget about whatever was undefined.


! LaTeX Error: Illegal character in array arg.

See the LaTeX manual or LaTeX Companion for explanation.
Type  H <return>  for immediate help.
 ...                                              
                                                  
l.141 ...>{\columncolor[gray]{0.97}}m{\textwidth}}
                                                  
You're in trouble here.  Try typing  <return>  to proceed.
If that doesn't work, type  X <return>  to quit.


! LaTeX Error: Illegal character in array arg.

See the LaTeX manual or LaTeX Companion for explanation.
Type  H <return>  for immediate help.
 ...                                              
                                                  
l.141 ...>{\columncolor[gray]{0.97}}m{\textwidth}}
                                                  
You're in trouble here.  Try typing  <return>  to proceed.
If that doesn't work, type  X <return>  to quit.


! LaTeX Error: Illegal character in array arg.

See the LaTeX manual or LaTeX Companion for explanation.
Type  H <return>  for immediate help.
 ...                                              
                                                  
l.141 ...>{\columncolor[gray]{0.97}}m{\textwidth}}
                                                  
You're in trouble here.  Try typing  <return>  to proceed.
If that doesn't work, type  X <return>  to quit.


! LaTeX Error: Illegal character in array arg.

See the LaTeX manual or LaTeX Companion for explanation.
Type  H <return>  for immediate help.
 ...                                              
                                                  
l.141 ...>{\columncolor[gray]{0.97}}m{\textwidth}}
                                                  
You're in trouble here.  Try typing  <return>  to proceed.
If that doesn't work, type  X <return>  to quit.


! LaTeX Error: Illegal character in array arg.

See the LaTeX manual or LaTeX Companion for explanation.
Type  H <return>  for immediate help.
 ...                                              
                                                  
l.141 ...>{\columncolor[gray]{0.97}}m{\textwidth}}
                                                  
You're in trouble here.  Try typing  <return>  to proceed.
If that doesn't work, type  X <return>  to quit.


! LaTeX Error: Illegal character in array arg.

See the LaTeX manual or LaTeX Companion for explanation.
Type  H <return>  for immediate help.
 ...                                              
                                                  
l.141 ...>{\columncolor[gray]{0.97}}m{\textwidth}}
                                                  
You're in trouble here.  Try typing  <return>  to proceed.
If that doesn't work, type  X <return>  to quit.


! LaTeX Error: Environment beamercolorbox undefined.

See the LaTeX manual or LaTeX Companion for explanation.
Type  H <return>  for immediate help.
 ...                                              
                                                  
l.142 			\begin{beamercolorbox}
                               {example text} \usebeamerfont*{block title} \...
Your command was ignored.
Type  I <command> <return>  to replace it with another command,
or  <return>  to continue without it.

Missing character: There is no e in font nullfont!
Missing character: There is no x in font nullfont!
Missing character: There is no a in font nullfont!
Missing character: There is no m in font nullfont!
Missing character: There is no p in font nullfont!
Missing character: There is no l in font nullfont!
Missing character: There is no e in font nullfont!
Missing character: There is no t in font nullfont!
Missing character: There is no e in font nullfont!
Missing character: There is no x in font nullfont!
Missing character: There is no t in font nullfont!
! Undefined control sequence.
l.142 ...mercolorbox}{example text} \usebeamerfont
                                                  *{block title} \vbox{}\vsk...
The control sequence at the end of the top line
of your error message was never \def'ed. If you have
misspelled it (e.g., `\hobx'), type `I' and the correct
spelling (e.g., `I\hbox'). Otherwise just continue,
and I'll forget about whatever was undefined.

Missing character: There is no * in font nullfont!
Missing character: There is no b in font nullfont!
Missing character: There is no l in font nullfont!
Missing character: There is no o in font nullfont!
Missing character: There is no c in font nullfont!
Missing character: There is no k in font nullfont!
Missing character: There is no t in font nullfont!
Missing character: There is no i in font nullfont!
Missing character: There is no t in font nullfont!
Missing character: There is no l in font nullfont!
Missing character: There is no e in font nullfont!
! Missing \endgroup inserted.
<inserted text> 
                \endgroup 
l.142 ...usebeamerfont*{block title} \vbox{}\vskip
                                                   0.2ex \insertblocktitle \...
I've inserted something that you may have forgotten.
(See the <inserted text> above.)
With luck, this will get me unwedged. But if you
really didn't forget anything, try typing `2' now; then
my insertion and my current dilemma will both disappear.

! Missing } inserted.
<inserted text> 
                }
l.142 ...usebeamerfont*{block title} \vbox{}\vskip
                                                   0.2ex \insertblocktitle \...
I've inserted something that you may have forgotten.
(See the <inserted text> above.)
With luck, this will get me unwedged. But if you
really didn't forget anything, try typing `2' now; then
my insertion and my current dilemma will both disappear.

! Missing } inserted.
<inserted text> 
                }
l.142 ...usebeamerfont*{block title} \vbox{}\vskip
                                                   0.2ex \insertblocktitle \...
I've inserted something that you may have forgotten.
(See the <inserted text> above.)
With luck, this will get me unwedged. But if you
really didn't forget anything, try typing `2' now; then
my insertion and my current dilemma will both disappear.

! Missing \cr inserted.
<inserted text> 
                \cr 
l.142 ...usebeamerfont*{block title} \vbox{}\vskip
                                                   0.2ex \insertblocktitle \...
I'm guessing that you meant to end an alignment here.

! Missing { inserted.
<inserted text> 
                {
l.142 ...usebeamerfont*{block title} \vbox{}\vskip
                                                   0.2ex \insertblocktitle \...
I've put in what seems to be necessary to fix
the current column of the current alignment.
Try to go on, since this might almost work.

! Undefined control sequence.
l.142 ...le} \vbox{}\vskip 0.2ex \insertblocktitle
                                                   \end{beamercolorbox}\useb...
The control sequence at the end of the top line
of your error message was never \def'ed. If you have
misspelled it (e.g., `\hobx'), type `I' and the correct
spelling (e.g., `I\hbox'). Otherwise just continue,
and I'll forget about whatever was undefined.


! LaTeX Error: \begin{tabular} on input line 141 ended by \end{beamercolorbox}.

See the LaTeX manual or LaTeX Companion for explanation.
Type  H <return>  for immediate help.
 ...                                              
                                                  
l.142 ...ex \insertblocktitle \end{beamercolorbox}
                                                  \usebeamerfont*{block text}
Your command was ignored.
Type  I <command> <return>  to replace it with another command,
or  <return>  to continue without it.

! Missing } inserted.
<inserted text> 
                }
l.142 ...ex \insertblocktitle \end{beamercolorbox}
                                                  \usebeamerfont*{block text}
I've inserted something that you may have forgotten.
(See the <inserted text> above.)
With luck, this will get me unwedged. But if you
really didn't forget anything, try typing `2' now; then
my insertion and my current dilemma will both disappear.

! Missing $ inserted.
<inserted text> 
                $
l.142 ...ex \insertblocktitle \end{beamercolorbox}
                                                  \usebeamerfont*{block text}
I've inserted something that you may have forgotten.
(See the <inserted text> above.)
With luck, this will get me unwedged. But if you
really didn't forget anything, try typing `2' now; then
my insertion and my current dilemma will both disappear.

! Missing } inserted.
<inserted text> 
                }
l.142 ...ex \insertblocktitle \end{beamercolorbox}
                                                  \usebeamerfont*{block text}
I've inserted something that you may have forgotten.
(See the <inserted text> above.)
With luck, this will get me unwedged. But if you
really didn't forget anything, try typing `2' now; then
my insertion and my current dilemma will both disappear.

! Undefined control sequence.
l.142 ...ktitle \end{beamercolorbox}\usebeamerfont
                                                  *{block text}
The control sequence at the end of the top line
of your error message was never \def'ed. If you have
misspelled it (e.g., `\hobx'), type `I' and the correct
spelling (e.g., `I\hbox'). Otherwise just continue,
and I'll forget about whatever was undefined.

Missing character: There is no * in font nullfont!
Missing character: There is no b in font nullfont!
Missing character: There is no l in font nullfont!
Missing character: There is no o in font nullfont!
Missing character: There is no c in font nullfont!
Missing character: There is no k in font nullfont!
Missing character: There is no t in font nullfont!
Missing character: There is no e in font nullfont!
Missing character: There is no x in font nullfont!
Missing character: There is no t in font nullfont!
! Extra }, or forgotten \endgroup.
l.143 		}
         
I've deleted a group-closing symbol because it seems to be
spurious, as in `$x}$'. But perhaps the } is legitimate and
you forgot something else, as in `\hbox{$x}'. In such cases
the way to recover is to insert both the forgotten and the
deleted material, e.g., by typing `I$}'.

! Undefined control sequence.
l.144 \setbeamertemplate
                        {block example end}{\end{tabular}\end{adjustbox}}
The control sequence at the end of the top line
of your error message was never \def'ed. If you have
misspelled it (e.g., `\hobx'), type `I' and the correct
spelling (e.g., `I\hbox'). Otherwise just continue,
and I'll forget about whatever was undefined.

Missing character: There is no b in font nullfont!
Missing character: There is no l in font nullfont!
Missing character: There is no o in font nullfont!
Missing character: There is no c in font nullfont!
Missing character: There is no k in font nullfont!
Missing character: There is no e in font nullfont!
Missing character: There is no x in font nullfont!
Missing character: There is no a in font nullfont!
Missing character: There is no m in font nullfont!
Missing character: There is no p in font nullfont!
Missing character: There is no l in font nullfont!
Missing character: There is no e in font nullfont!
Missing character: There is no e in font nullfont!
Missing character: There is no n in font nullfont!
Missing character: There is no d in font nullfont!
! Misplaced \crcr.
\endtabular ->\crcr 
                    \egroup \egroup $\egroup 
l.144 ...template{block example end}{\end{tabular}
                                                  \end{adjustbox}}
I can't figure out why you would want to use a tab mark
or \cr or \span just now. If something like a right brace
up above has ended a previous alignment prematurely,
you're probably due for more error messages, and you
might try typing `S' now just to see what is salvageable.

! Extra }, or forgotten \endgroup.
\endtabular ->\crcr \egroup \egroup 
                                    $\egroup 
l.144 ...template{block example end}{\end{tabular}
                                                  \end{adjustbox}}
I've deleted a group-closing symbol because it seems to be
spurious, as in `$x}$'. But perhaps the } is legitimate and
you forgot something else, as in `\hbox{$x}'. In such cases
the way to recover is to insert both the forgotten and the
deleted material, e.g., by typing `I$}'.

! Extra }, or forgotten $.
<recently read> \egroup 
                        
l.144 ...template{block example end}{\end{tabular}
                                                  \end{adjustbox}}
I've deleted a group-closing symbol because it seems to be
spurious, as in `$x}$'. But perhaps the } is legitimate and
you forgot something else, as in `\hbox{$x}'. In such cases
the way to recover is to insert both the forgotten and the
deleted material, e.g., by typing `I$}'.


! LaTeX Error: \begin{document} ended by \end{tabular}.

See the LaTeX manual or LaTeX Companion for explanation.
Type  H <return>  for immediate help.
 ...                                              
                                                  
l.144 ...template{block example end}{\end{tabular}
                                                  \end{adjustbox}}
Your command was ignored.
Type  I <command> <return>  to replace it with another command,
or  <return>  to continue without it.

! Missing $ inserted.
<inserted text> 
                $
l.144 ...template{block example end}{\end{tabular}
                                                  \end{adjustbox}}
I've inserted something that you may have forgotten.
(See the <inserted text> above.)
With luck, this will get me unwedged. But if you
really didn't forget anything, try typing `2' now; then
my insertion and my current dilemma will both disappear.


! LaTeX Error: \begin{document} ended by \end{adjustbox}.

See the LaTeX manual or LaTeX Companion for explanation.
Type  H <return>  for immediate help.
 ...                                              
                                                  
l.144 ...example end}{\end{tabular}\end{adjustbox}
                                                  }
Your command was ignored.
Type  I <command> <return>  to replace it with another command,
or  <return>  to continue without it.

! Missing } inserted.
<inserted text> 
                }
l.144 ...example end}{\end{tabular}\end{adjustbox}
                                                  }
I've inserted something that you may have forgotten.
(See the <inserted text> above.)
With luck, this will get me unwedged. But if you
really didn't forget anything, try typing `2' now; then
my insertion and my current dilemma will both disappear.

! Extra \endgroup.
<recently read> \endgroup 
                          
l.144 ...example end}{\end{tabular}\end{adjustbox}
                                                  }
Things are pretty mixed up, but I think the worst is over.

! Too many }'s.
l.144 ...xample end}{\end{tabular}\end{adjustbox}}
                                                  
You've closed more groups than you opened.
Such booboos are generally harmless, so keep going.


Overfull \hbox (20.0pt too wide) in paragraph at lines 138--145
[]
 []

! Undefined control sequence.
l.148 \setbeamersize
                    {text margin left=0.05\textwidth}
The control sequence at the end of the top line
of your error message was never \def'ed. If you have
misspelled it (e.g., `\hobx'), type `I' and the correct
spelling (e.g., `I\hbox'). Otherwise just continue,
and I'll forget about whatever was undefined.


! LaTeX Error: Missing \begin{document}.

See the LaTeX manual or LaTeX Companion for explanation.
Type  H <return>  for immediate help.
 ...                                              
                                                  
l.148 \setbeamersize{t
                      ext margin left=0.05\textwidth}
You're in trouble here.  Try typing  <return>  to proceed.
If that doesn't work, type  X <return>  to quit.

Missing character: There is no t in font nullfont!
Missing character: There is no e in font nullfont!
Missing character: There is no x in font nullfont!
Missing character: There is no t in font nullfont!
Missing character: There is no m in font nullfont!
Missing character: There is no a in font nullfont!
Missing character: There is no r in font nullfont!
Missing character: There is no g in font nullfont!
Missing character: There is no i in font nullfont!
Missing character: There is no n in font nullfont!
Missing character: There is no l in font nullfont!
Missing character: There is no e in font nullfont!
Missing character: There is no f in font nullfont!
Missing character: There is no t in font nullfont!
Missing character: There is no = in font nullfont!
Missing character: There is no 0 in font nullfont!
Missing character: There is no . in font nullfont!
Missing character: There is no 0 in font nullfont!
Missing character: There is no 5 in font nullfont!
! Missing number, treated as zero.
<to be read again> 
                   }
l.148 ...amersize{text margin left=0.05\textwidth}
                                                  
A number should have been here; I inserted `0'.
(If you can't figure out why I needed to see a number,
look up `weird error' in the index to The TeXbook.)

! Illegal unit of measure (pt inserted).
<to be read again> 
                   }
l.148 ...amersize{text margin left=0.05\textwidth}
                                                  
Dimensions can be in units of em, ex, in, pt, pc,
cm, mm, dd, cc, nd, nc, bp, or sp; but yours is a new one!
I'll assume that you meant to say pt, for printer's points.
To recover gracefully from this error, it's best to
delete the erroneous units; e.g., type `2' to delete
two letters. (See Chapter 27 of The TeXbook.)

! Undefined control sequence.
l.149 \setbeamersize
                    {text margin right=0.15\textwidth}
The control sequence at the end of the top line
of your error message was never \def'ed. If you have
misspelled it (e.g., `\hobx'), type `I' and the correct
spelling (e.g., `I\hbox'). Otherwise just continue,
and I'll forget about whatever was undefined.

Missing character: There is no t in font nullfont!
Missing character: There is no e in font nullfont!
Missing character: There is no x in font nullfont!
Missing character: There is no t in font nullfont!
Missing character: There is no m in font nullfont!
Missing character: There is no a in font nullfont!
Missing character: There is no r in font nullfont!
Missing character: There is no g in font nullfont!
Missing character: There is no i in font nullfont!
Missing character: There is no n in font nullfont!
Missing character: There is no r in font nullfont!
Missing character: There is no i in font nullfont!
Missing character: There is no g in font nullfont!
Missing character: There is no h in font nullfont!
Missing character: There is no t in font nullfont!
Missing character: There is no = in font nullfont!
Missing character: There is no 0 in font nullfont!
Missing character: There is no . in font nullfont!
Missing character: There is no 1 in font nullfont!
Missing character: There is no 5 in font nullfont!
! Missing number, treated as zero.
<to be read again> 
                   }
l.149 ...mersize{text margin right=0.15\textwidth}
                                                  
A number should have been here; I inserted `0'.
(If you can't figure out why I needed to see a number,
look up `weird error' in the index to The TeXbook.)

! Illegal unit of measure (pt inserted).
<to be read again> 
                   }
l.149 ...mersize{text margin right=0.15\textwidth}
                                                  
Dimensions can be in units of em, ex, in, pt, pc,
cm, mm, dd, cc, nd, nc, bp, or sp; but yours is a new one!
I'll assume that you meant to say pt, for printer's points.
To recover gracefully from this error, it's best to
delete the erroneous units; e.g., type `2' to delete
two letters. (See Chapter 27 of The TeXbook.)

! Undefined control sequence.
l.150 \setbeamercolor
                     {bgcolor}{bg=PrimaryColor}
The control sequence at the end of the top line
of your error message was never \def'ed. If you have
misspelled it (e.g., `\hobx'), type `I' and the correct
spelling (e.g., `I\hbox'). Otherwise just continue,
and I'll forget about whatever was undefined.

Missing character: There is no b in font nullfont!
Missing character: There is no g in font nullfont!
Missing character: There is no c in font nullfont!
Missing character: There is no o in font nullfont!
Missing character: There is no l in font nullfont!
Missing character: There is no o in font nullfont!
Missing character: There is no r in font nullfont!
Missing character: There is no b in font nullfont!
Missing character: There is no g in font nullfont!
Missing character: There is no = in font nullfont!
Missing character: There is no P in font nullfont!
Missing character: There is no r in font nullfont!
Missing character: There is no i in font nullfont!
Missing character: There is no m in font nullfont!
Missing character: There is no a in font nullfont!
Missing character: There is no r in font nullfont!
Missing character: There is no y in font nullfont!
Missing character: There is no C in font nullfont!
Missing character: There is no o in font nullfont!
Missing character: There is no l in font nullfont!
Missing character: There is no o in font nullfont!
Missing character: There is no r in font nullfont!

Overfull \hbox (20.0pt too wide) in paragraph at lines 148--151
[]
 []

! Undefined control sequence.
l.154 \pgfdeclareimage
                      [width=\paperwidth]{vertical}{lib/layouts/vertical_bg....
The control sequence at the end of the top line
of your error message was never \def'ed. If you have
misspelled it (e.g., `\hobx'), type `I' and the correct
spelling (e.g., `I\hbox'). Otherwise just continue,
and I'll forget about whatever was undefined.


! LaTeX Error: Missing \begin{document}.

See the LaTeX manual or LaTeX Companion for explanation.
Type  H <return>  for immediate help.
 ...                                              
                                                  
l.154 \pgfdeclareimage[
                       width=\paperwidth]{vertical}{lib/layouts/vertical_bg....
You're in trouble here.  Try typing  <return>  to proceed.
If that doesn't work, type  X <return>  to quit.

Missing character: There is no [ in font nullfont!
Missing character: There is no w in font nullfont!
Missing character: There is no i in font nullfont!
Missing character: There is no d in font nullfont!
Missing character: There is no t in font nullfont!
Missing character: There is no h in font nullfont!
Missing character: There is no = in font nullfont!
! Missing number, treated as zero.
<to be read again> 
                   ]
l.154 \pgfdeclareimage[width=\paperwidth]
                                         {vertical}{lib/layouts/vertical_bg....
A number should have been here; I inserted `0'.
(If you can't figure out why I needed to see a number,
look up `weird error' in the index to The TeXbook.)

! Illegal unit of measure (pt inserted).
<to be read again> 
                   ]
l.154 \pgfdeclareimage[width=\paperwidth]
                                         {vertical}{lib/layouts/vertical_bg....
Dimensions can be in units of em, ex, in, pt, pc,
cm, mm, dd, cc, nd, nc, bp, or sp; but yours is a new one!
I'll assume that you meant to say pt, for printer's points.
To recover gracefully from this error, it's best to
delete the erroneous units; e.g., type `2' to delete
two letters. (See Chapter 27 of The TeXbook.)

Missing character: There is no ] in font nullfont!
Missing character: There is no v in font nullfont!
Missing character: There is no e in font nullfont!
Missing character: There is no r in font nullfont!
Missing character: There is no t in font nullfont!
Missing character: There is no i in font nullfont!
Missing character: There is no c in font nullfont!
Missing character: There is no a in font nullfont!
Missing character: There is no l in font nullfont!
Missing character: There is no l in font nullfont!
Missing character: There is no i in font nullfont!
Missing character: There is no b in font nullfont!
Missing character: There is no / in font nullfont!
Missing character: There is no l in font nullfont!
Missing character: There is no a in font nullfont!
Missing character: There is no y in font nullfont!
Missing character: There is no o in font nullfont!
Missing character: There is no u in font nullfont!
Missing character: There is no t in font nullfont!
Missing character: There is no s in font nullfont!
Missing character: There is no / in font nullfont!
Missing character: There is no v in font nullfont!
Missing character: There is no e in font nullfont!
Missing character: There is no r in font nullfont!
Missing character: There is no t in font nullfont!
Missing character: There is no i in font nullfont!
Missing character: There is no c in font nullfont!
Missing character: There is no a in font nullfont!
Missing character: There is no l in font nullfont!
! Missing $ inserted.
<inserted text> 
                $
l.154 ...perwidth]{vertical}{lib/layouts/vertical_
                                                  bg.pdf}
I've inserted a begin-math/end-math symbol since I think
you left one out. Proceed, with fingers crossed.

! Extra }, or forgotten $.
l.154 ...h]{vertical}{lib/layouts/vertical_bg.pdf}
                                                  
I've deleted a group-closing symbol because it seems to be
spurious, as in `$x}$'. But perhaps the } is legitimate and
you forgot something else, as in `\hbox{$x}'. In such cases
the way to recover is to insert both the forgotten and the
deleted material, e.g., by typing `I$}'.

! Undefined control sequence.
l.155 \pgfdeclareimage
                      [width=\paperwidth]{horizontal}{lib/layouts/horizontal...
The control sequence at the end of the top line
of your error message was never \def'ed. If you have
misspelled it (e.g., `\hobx'), type `I' and the correct
spelling (e.g., `I\hbox'). Otherwise just continue,
and I'll forget about whatever was undefined.

! Missing number, treated as zero.
<to be read again> 
                   ]
l.155 \pgfdeclareimage[width=\paperwidth]
                                         {horizontal}{lib/layouts/horizontal...
A number should have been here; I inserted `0'.
(If you can't figure out why I needed to see a number,
look up `weird error' in the index to The TeXbook.)

! Illegal unit of measure (pt inserted).
<to be read again> 
                   ]
l.155 \pgfdeclareimage[width=\paperwidth]
                                         {horizontal}{lib/layouts/horizontal...
Dimensions can be in units of em, ex, in, pt, pc,
cm, mm, dd, cc, nd, nc, bp, or sp; but yours is a new one!
I'll assume that you meant to say pt, for printer's points.
To recover gracefully from this error, it's best to
delete the erroneous units; e.g., type `2' to delete
two letters. (See Chapter 27 of The TeXbook.)

! Undefined control sequence.
l.156 \pgfdeclareimage
                      [width=\paperwidth]{titlepage}{lib/layouts/intro_bg.pdf}
The control sequence at the end of the top line
of your error message was never \def'ed. If you have
misspelled it (e.g., `\hobx'), type `I' and the correct
spelling (e.g., `I\hbox'). Otherwise just continue,
and I'll forget about whatever was undefined.

! Missing number, treated as zero.
<to be read again> 
                   ]
l.156 \pgfdeclareimage[width=\paperwidth]
                                         {titlepage}{lib/layouts/intro_bg.pdf}
A number should have been here; I inserted `0'.
(If you can't figure out why I needed to see a number,
look up `weird error' in the index to The TeXbook.)

! Illegal unit of measure (pt inserted).
<to be read again> 
                   ]
l.156 \pgfdeclareimage[width=\paperwidth]
                                         {titlepage}{lib/layouts/intro_bg.pdf}
Dimensions can be in units of em, ex, in, pt, pc,
cm, mm, dd, cc, nd, nc, bp, or sp; but yours is a new one!
I'll assume that you meant to say pt, for printer's points.
To recover gracefully from this error, it's best to
delete the erroneous units; e.g., type `2' to delete
two letters. (See Chapter 27 of The TeXbook.)

! Undefined control sequence.
l.157 \pgfdeclareimage
                      [width=\paperwidth]{transparent}{lib/layouts/title_bg....
The control sequence at the end of the top line
of your error message was never \def'ed. If you have
misspelled it (e.g., `\hobx'), type `I' and the correct
spelling (e.g., `I\hbox'). Otherwise just continue,
and I'll forget about whatever was undefined.

! Missing number, treated as zero.
<to be read again> 
                   ]
l.157 \pgfdeclareimage[width=\paperwidth]
                                         {transparent}{lib/layouts/title_bg....
A number should have been here; I inserted `0'.
(If you can't figure out why I needed to see a number,
look up `weird error' in the index to The TeXbook.)

! Illegal unit of measure (pt inserted).
<to be read again> 
                   ]
l.157 \pgfdeclareimage[width=\paperwidth]
                                         {transparent}{lib/layouts/title_bg....
Dimensions can be in units of em, ex, in, pt, pc,
cm, mm, dd, cc, nd, nc, bp, or sp; but yours is a new one!
I'll assume that you meant to say pt, for printer's points.
To recover gracefully from this error, it's best to
delete the erroneous units; e.g., type `2' to delete
two letters. (See Chapter 27 of The TeXbook.)

! Missing $ inserted.
<inserted text> 
                $
l.158 
      
I've inserted a begin-math/end-math symbol since I think
you left one out. Proceed, with fingers crossed.


Overfull \hbox (85.24886pt too wide) in paragraph at lines 154--158
[]$[]\OML/cmm/m/it/10 g:pdf\OT1/cmr/m/n/10 [\OML/cmm/m/it/10 width \OT1/cmr/m/n/10 =
 []


Overfull \hbox (215.06726pt too wide) in paragraph at lines 154--158
\OT1/cmr/m/n/10 ][][][\OML/cmm/m/it/10 width \OT1/cmr/m/n/10 =
 []


Overfull \hbox (182.84377pt too wide) in paragraph at lines 154--158
\OT1/cmr/m/n/10 ][][][\OML/cmm/m/it/10 width \OT1/cmr/m/n/10 =
 []


Overfull \hbox (155.01492pt too wide) in paragraph at lines 154--158
\OT1/cmr/m/n/10 ][][]$ 
 []

! Undefined control sequence.
\titleLayout -> \par \usebackgroundtemplate 
                                            { \par \begin {picture}(100,256)...
l.255 \titleLayout
                  
The control sequence at the end of the top line
of your error message was never \def'ed. If you have
misspelled it (e.g., `\hobx'), type `I' and the correct
spelling (e.g., `I\hbox'). Otherwise just continue,
and I'll forget about whatever was undefined.


! LaTeX Error: Environment beamercolorbox undefined.

See the LaTeX manual or LaTeX Companion for explanation.
Type  H <return>  for immediate help.
 ...                                              
                                                  
l.255 \titleLayout
                  
Your command was ignored.
Type  I <command> <return>  to replace it with another command,
or  <return>  to continue without it.

Missing character: There is no [ in font nullfont!
Missing character: There is no w in font nullfont!
Missing character: There is no d in font nullfont!
Missing character: There is no = in font nullfont!
Missing character: There is no 1 in font nullfont!
Missing character: There is no . in font nullfont!
Missing character: There is no 1 in font nullfont!
! Illegal unit of measure (pt inserted).
<to be read again> 
                   h
l.255 \titleLayout
                  
Dimensions can be in units of em, ex, in, pt, pc,
cm, mm, dd, cc, nd, nc, bp, or sp; but yours is a new one!
I'll assume that you meant to say pt, for printer's points.
To recover gracefully from this error, it's best to
delete the erroneous units; e.g., type `2' to delete
two letters. (See Chapter 27 of The TeXbook.)

Missing character: There is no h in font nullfont!
Missing character: There is no t in font nullfont!
Missing character: There is no = in font nullfont!
! Missing number, treated as zero.
<to be read again> 
                   ]
l.255 \titleLayout
                  
A number should have been here; I inserted `0'.
(If you can't figure out why I needed to see a number,
look up `weird error' in the index to The TeXbook.)

! Illegal unit of measure (pt inserted).
<to be read again> 
                   ]
l.255 \titleLayout
                  
Dimensions can be in units of em, ex, in, pt, pc,
cm, mm, dd, cc, nd, nc, bp, or sp; but yours is a new one!
I'll assume that you meant to say pt, for printer's points.
To recover gracefully from this error, it's best to
delete the erroneous units; e.g., type `2' to delete
two letters. (See Chapter 27 of The TeXbook.)

Missing character: There is no ] in font nullfont!
Missing character: There is no b in font nullfont!
Missing character: There is no g in font nullfont!
Missing character: There is no c in font nullfont!
Missing character: There is no o in font nullfont!
Missing character: There is no l in font nullfont!
Missing character: There is no o in font nullfont!
Missing character: There is no r in font nullfont!

! LaTeX Error: \begin{picture} on input line 255 ended by \end{beamercolorbox}.

See the LaTeX manual or LaTeX Companion for explanation.
Type  H <return>  for immediate help.
 ...                                              
                                                  
l.255 \titleLayout
                  
Your command was ignored.
Type  I <command> <return>  to replace it with another command,
or  <return>  to continue without it.

! Undefined control sequence.
<argument> \pgfuseimage 
                        {titlepage}
l.255 \titleLayout
                  
The control sequence at the end of the top line
of your error message was never \def'ed. If you have
misspelled it (e.g., `\hobx'), type `I' and the correct
spelling (e.g., `I\hbox'). Otherwise just continue,
and I'll forget about whatever was undefined.

Missing character: There is no t in font nullfont!
Missing character: There is no i in font nullfont!
Missing character: There is no t in font nullfont!
Missing character: There is no l in font nullfont!
Missing character: There is no e in font nullfont!
Missing character: There is no p in font nullfont!
Missing character: There is no a in font nullfont!
Missing character: There is no g in font nullfont!
Missing character: There is no e in font nullfont!

! LaTeX Error: Missing \begin{document}.

See the LaTeX manual or LaTeX Companion for explanation.
Type  H <return>  for immediate help.
 ...                                              
                                                  
l.255 \titleLayout
                  
You're in trouble here.  Try typing  <return>  to proceed.
If that doesn't work, type  X <return>  to quit.


Overfull \hbox (120.0pt too wide) in paragraph at lines 255--255
[][] 
 []

! Undefined control sequence.
\titleLayout ...} \par } \par \par \setbeamerfont 
                                                  {title}{series=\bfseries ,...
l.255 \titleLayout
                  
The control sequence at the end of the top line
of your error message was never \def'ed. If you have
misspelled it (e.g., `\hobx'), type `I' and the correct
spelling (e.g., `I\hbox'). Otherwise just continue,
and I'll forget about whatever was undefined.


! LaTeX Error: Missing \begin{document}.

See the LaTeX manual or LaTeX Companion for explanation.
Type  H <return>  for immediate help.
 ...                                              
                                                  
l.255 \titleLayout
                  
You're in trouble here.  Try typing  <return>  to proceed.
If that doesn't work, type  X <return>  to quit.

Missing character: There is no t in font nullfont!
Missing character: There is no i in font nullfont!
Missing character: There is no t in font nullfont!
Missing character: There is no l in font nullfont!
Missing character: There is no e in font nullfont!
Missing character: There is no s in font nullfont!
Missing character: There is no e in font nullfont!
Missing character: There is no r in font nullfont!
Missing character: There is no i in font nullfont!
Missing character: There is no e in font nullfont!
Missing character: There is no s in font nullfont!
Missing character: There is no = in font nullfont!
! Undefined control sequence.
\titleLayout ...,parent=structure} \setbeamerfont 
                                                  {subtitle}{size=\scriptsiz...
l.255 \titleLayout
                  
The control sequence at the end of the top line
of your error message was never \def'ed. If you have
misspelled it (e.g., `\hobx'), type `I' and the correct
spelling (e.g., `I\hbox'). Otherwise just continue,
and I'll forget about whatever was undefined.

Missing character: There is no s in font nullfont!
Missing character: There is no u in font nullfont!
Missing character: There is no b in font nullfont!
Missing character: There is no t in font nullfont!
Missing character: There is no i in font nullfont!
Missing character: There is no t in font nullfont!
Missing character: There is no l in font nullfont!
Missing character: There is no e in font nullfont!
Missing character: There is no s in font nullfont!
Missing character: There is no i in font nullfont!
Missing character: There is no z in font nullfont!
Missing character: There is no e in font nullfont!
Missing character: There is no = in font nullfont!
! Undefined control sequence.
\titleLayout ...rfont {subtitle}{size=\scriptsize 
                                                  ,series=\bfseries ,parent=...
l.255 \titleLayout
                  
The control sequence at the end of the top line
of your error message was never \def'ed. If you have
misspelled it (e.g., `\hobx'), type `I' and the correct
spelling (e.g., `I\hbox'). Otherwise just continue,
and I'll forget about whatever was undefined.

Missing character: There is no , in font nullfont!
Missing character: There is no s in font nullfont!
Missing character: There is no e in font nullfont!
Missing character: There is no r in font nullfont!
Missing character: There is no i in font nullfont!
Missing character: There is no e in font nullfont!
Missing character: There is no s in font nullfont!
Missing character: There is no = in font nullfont!
! Undefined control sequence.
\titleLayout ...,parent=structure} \setbeamerfont 
                                                  {author}{size=\small ,seri...
l.255 \titleLayout
                  
The control sequence at the end of the top line
of your error message was never \def'ed. If you have
misspelled it (e.g., `\hobx'), type `I' and the correct
spelling (e.g., `I\hbox'). Otherwise just continue,
and I'll forget about whatever was undefined.

Missing character: There is no a in font nullfont!
Missing character: There is no u in font nullfont!
Missing character: There is no t in font nullfont!
Missing character: There is no h in font nullfont!
Missing character: There is no o in font nullfont!
Missing character: There is no r in font nullfont!
Missing character: There is no s in font nullfont!
Missing character: There is no i in font nullfont!
Missing character: There is no z in font nullfont!
Missing character: There is no e in font nullfont!
Missing character: There is no = in font nullfont!
! Undefined control sequence.
\titleLayout ...etbeamerfont {author}{size=\small 
                                                  ,series=\bfseries ,parent=...
l.255 \titleLayout
                  
The control sequence at the end of the top line
of your error message was never \def'ed. If you have
misspelled it (e.g., `\hobx'), type `I' and the correct
spelling (e.g., `I\hbox'). Otherwise just continue,
and I'll forget about whatever was undefined.

Missing character: There is no , in font nullfont!
Missing character: There is no s in font nullfont!
Missing character: There is no e in font nullfont!
Missing character: There is no r in font nullfont!
Missing character: There is no i in font nullfont!
Missing character: There is no e in font nullfont!
Missing character: There is no s in font nullfont!
Missing character: There is no = in font nullfont!
! Undefined control sequence.
\titleLayout ...,parent=structure} \setbeamerfont 
                                                  {institute}{size=\scriptsi...
l.255 \titleLayout
                  
The control sequence at the end of the top line
of your error message was never \def'ed. If you have
misspelled it (e.g., `\hobx'), type `I' and the correct
spelling (e.g., `I\hbox'). Otherwise just continue,
and I'll forget about whatever was undefined.

Missing character: There is no i in font nullfont!
Missing character: There is no n in font nullfont!
Missing character: There is no s in font nullfont!
Missing character: There is no t in font nullfont!
Missing character: There is no i in font nullfont!
Missing character: There is no t in font nullfont!
Missing character: There is no u in font nullfont!
Missing character: There is no t in font nullfont!
Missing character: There is no e in font nullfont!
Missing character: There is no s in font nullfont!
Missing character: There is no i in font nullfont!
Missing character: There is no z in font nullfont!
Missing character: There is no e in font nullfont!
Missing character: There is no = in font nullfont!
! Undefined control sequence.
\titleLayout ...font {institute}{size=\scriptsize 
                                                  ,series=\mdseries ,parent=...
l.255 \titleLayout
                  
The control sequence at the end of the top line
of your error message was never \def'ed. If you have
misspelled it (e.g., `\hobx'), type `I' and the correct
spelling (e.g., `I\hbox'). Otherwise just continue,
and I'll forget about whatever was undefined.

Missing character: There is no , in font nullfont!
Missing character: There is no s in font nullfont!
Missing character: There is no e in font nullfont!
Missing character: There is no r in font nullfont!
Missing character: There is no i in font nullfont!
Missing character: There is no e in font nullfont!
Missing character: There is no s in font nullfont!
Missing character: There is no = in font nullfont!
! Undefined control sequence.
\titleLayout ...,parent=structure} \setbeamerfont 
                                                  {date}{size=\scriptsize ,s...
l.255 \titleLayout
                  
The control sequence at the end of the top line
of your error message was never \def'ed. If you have
misspelled it (e.g., `\hobx'), type `I' and the correct
spelling (e.g., `I\hbox'). Otherwise just continue,
and I'll forget about whatever was undefined.

Missing character: There is no d in font nullfont!
Missing character: There is no a in font nullfont!
Missing character: There is no t in font nullfont!
Missing character: There is no e in font nullfont!
Missing character: There is no s in font nullfont!
Missing character: There is no i in font nullfont!
Missing character: There is no z in font nullfont!
Missing character: There is no e in font nullfont!
Missing character: There is no = in font nullfont!
! Undefined control sequence.
\titleLayout ...eamerfont {date}{size=\scriptsize 
                                                  ,series=\bfseries ,parent=...
l.255 \titleLayout
                  
The control sequence at the end of the top line
of your error message was never \def'ed. If you have
misspelled it (e.g., `\hobx'), type `I' and the correct
spelling (e.g., `I\hbox'). Otherwise just continue,
and I'll forget about whatever was undefined.

Missing character: There is no , in font nullfont!
Missing character: There is no s in font nullfont!
Missing character: There is no e in font nullfont!
Missing character: There is no r in font nullfont!
Missing character: There is no i in font nullfont!
Missing character: There is no e in font nullfont!
Missing character: There is no s in font nullfont!
Missing character: There is no = in font nullfont!

Overfull \hbox (110.7787pt too wide) in paragraph at lines 255--255
[]\OT1/cmr/bx/n/10 ,parent=structure
 []


Overfull \hbox (23.74292pt too wide) in paragraph at lines 255--255
\OT1/cmr/bx/n/10 ,par-
 []


Overfull \hbox (70.8691pt too wide) in paragraph at lines 255--255
\OT1/cmr/bx/n/10 ent=structure
 []


Overfull \hbox (23.74292pt too wide) in paragraph at lines 255--255
\OT1/cmr/bx/n/10 ,par-
 []


Overfull \hbox (70.8691pt too wide) in paragraph at lines 255--255
\OT1/cmr/bx/n/10 ent=structure
 []


Overfull \hbox (20.58337pt too wide) in paragraph at lines 255--255
\OT1/cmr/m/n/10 ,par-
 []


Overfull \hbox (60.94455pt too wide) in paragraph at lines 255--255
\OT1/cmr/m/n/10 ent=structure
 []


Overfull \hbox (23.74292pt too wide) in paragraph at lines 255--255
\OT1/cmr/bx/n/10 ,par-
 []


Overfull \hbox (70.8691pt too wide) in paragraph at lines 255--255
\OT1/cmr/bx/n/10 ent=structure 
 []

)
! Emergency stop.
<*> beamerthemeUfg.sty
                      
*** (job aborted, no legal \end found)

 
Here is how much of TeX's memory you used:
 58 strings out of 469296
 995 string characters out of 5463628
 436954 words of memory out of 5000000
 28992 multiletter control sequences out of 15000+600000
 628029 words of font info for 41 fonts, out of 8000000 for 9000
 36 hyphenation exceptions out of 8191
 19i,7n,20p,216b,110s stack positions out of 10000i,1000n,20000p,200000b,200000s
!  ==> Fatal error occurred, no output PDF file produced!
